"","station","year","date","longitude","latitude","sample","depth","taxa","Original.Names","ScientificName_accepted","count","wgt","shells"
"1","VI","1959",1959-11-30,-66.03123,45.21391,"B",NA,"1","Unident. Species","Nemertea","4","95.6","0"
"2","K.M.","1959",1959-12-04,-66.13152,45.31109,"B","39","1","Unident. Species","Nemertea","1","9.5","0"
"3","284.8","1961",1961-10-24,-66.12635,45.28522,"C","24","1","Unident. Species","Nemertea","1","1.9","0"
"4","VI","1961",1961-10-26,-66.03123,45.21391,"C","16","1","Unident. Species","Nemertea","1","68.8","0"
"5","VII","1959",1959-12-02,-66.05597,45.24868,"A",NA,"1","Unident. Species","Nemertea","2","0","0"
"6","284.8","1961",1961-10-24,-66.12635,45.28522,"A","50","1","Unident. Species","Nemertea","1","2.9","0"
"7","VI","1961",1961-10-26,-66.03123,45.21391,"B","16","1","Unident. Species","Nemertea","1","35.7","0"
"8","VII","1961",1961-10-26,-66.05597,45.24868,"B","12","1","Unident. Species","Nemertea","1","27.7","0"
"9","K.M.","1959",1959-12-04,-66.13152,45.31109,"A","38","1","Unident. Species","Nemertea","1","37.5","0"
"10","K.M.","1959",1959-12-04,-66.13152,45.31109,"C","38","1","Unident. Species","Nemertea","6","506.8","0"
"11","VI","1959",1959-11-30,-66.03123,45.21391,"C",NA,"1","Unident. Species","Nemertea","1","91.0","0"
"12","VIII","1959",1959-11-30,-66.06133,45.23699,"C",NA,"1","Unident. Species","Nemertea","0","60.0","0"
"13","VII","1959",1959-12-02,-66.05597,45.24868,"C",NA,"1","Unident. Species","Nemertea","1","0","0"
"14","VIII","1959",1959-11-30,-66.06133,45.23699,"A",NA,"1","Unident. Species","Nemertea","0","29.2","0"
"15","K.M.","1961",1961-10-24,-66.13152,45.31109,"C","25","1","Unident. Species","Nemertea","2","88.3","0"
"16","III","1959",1959-12-02,-66.05489,45.25793,"A","28","10","Nephtys sp.","Nephtys","1","0.6","0"
"17","X","1961",1961-10-26,-66.04366,45.25478,"A","8","10","Nephtys sp.","Nephtys","8","23.6","0"
"18","K.M.","1961",1961-10-24,-66.13152,45.31109,"C","25","10","Nephtys sp.","Nephtys","1","0.1","0"
"19","VII","1959",1959-12-02,-66.05597,45.24868,"C",NA,"10","Nephtys sp.","Nephtys","1","0","0"
"20","IX","1961",1961-10-26,-66.0423,45.26454,"C","14","10","Nephtys sp.","Nephtys","12","89.7","0"
"21","284.8","1961",1961-10-24,-66.12635,45.28522,"C","24","10","Nephtys sp.","Nephtys","1","0.2","0"
"22","VII","1961",1961-10-26,-66.05597,45.24868,"B","12","10","Nephtys sp.","Nephtys","9","19.3","0"
"23","VII","1961",1961-10-26,-66.05597,45.24868,"A","12","10","Nephtys sp.","Nephtys","16","47.6","0"
"24","VIII","1961",1961-10-26,-66.06133,45.23699,"B","10","10","Nephtys sp.","Nephtys","26","145.5","0"
"25","IX","1961",1961-10-26,-66.0423,45.26454,"B","14","10","Nephtys sp.","Nephtys","1","2.1","0"
"26","IV","1959",1959-12-01,-66.0436,45.24274,"A","18","10","Nephtys sp.","Nephtys","1","0","0"
"27","284.8","1961",1961-10-24,-66.12635,45.28522,"A","50","10","Nephtys sp.","Nephtys","1","0.1","0"
"28","VII","1961",1961-10-26,-66.05597,45.24868,"C","12","10","Nephtys sp.","Nephtys","17","101.1","0"
"29","VIII","1961",1961-10-26,-66.06133,45.23699,"C","10","10","Nephtys sp.","Nephtys","29","80.5","0"
"30","280.3","1961",1961-10-24,-66.18705,45.3332,"B","21","10","Nephtys sp.","Nephtys","2","1.4","0"
"31","280.3","1961",1961-10-24,-66.18705,45.3332,"A","21","10","Nephtys sp.","Nephtys","6","0.9","0"
"32","IX","1961",1961-10-26,-66.0423,45.26454,"A","14","10","Nephtys sp.","Nephtys","4","5.0","0"
"33","VII","1959",1959-12-02,-66.05597,45.24868,"B",NA,"10","Nephtys sp.","Nephtys","25","79.6","0"
"34","280.3","1961",1961-10-24,-66.18705,45.3332,"C","21","10","Nephtys sp.","Nephtys","4","0.1","0"
"35","VI","1961",1961-10-26,-66.03123,45.21391,"C","16","10","Nephtys sp.","Nephtys","3","2.6","0"
"36","VI","1961",1961-10-26,-66.03123,45.21391,"B","16","10","Nephtys sp.","Nephtys","7","11.2","0"
"37","XI","1961",1961-10-26,-66.03099,45.25134,"C","6","10","Nephtys sp.","Nephtys","3","170.9","0"
"38","II","1959",1959-11-30,-66.05948,45.26274,"B","23","10","Nephtys sp.","Nephtys","1","0","0"
"39","VI","1959",1959-11-30,-66.03123,45.21391,"B",NA,"11","Lumbineris sp.",NA,"4","4.6","0"
"40","X","1961",1961-10-26,-66.04366,45.25478,"A","8","11","Lumbineris sp.",NA,"1","0.8","0"
"41","V","1959",1959-11-30,-66.03305,45.22846,"B",NA,"11","Lumbineris sp.",NA,"1","0.7","0"
"42","VII","1959",1959-12-02,-66.05597,45.24868,"C",NA,"11","Lumbineris sp.",NA,"1","0","0"
"43","IV","1959",1959-12-01,-66.0436,45.24274,"A","18","11","Lumbineris sp.",NA,"3","0","0"
"44","V","1961",1961-10-26,-66.03305,45.22846,"C","11","11","Lumbineris sp.",NA,"1","0","0"
"45","V","1959",1959-11-30,-66.03305,45.22846,"C",NA,"11","Lumbineris sp.",NA,"5","3.1","0"
"46","V","1959",1959-11-30,-66.03305,45.22846,"A",NA,"11","Lumbineris sp.",NA,"3","1.0","0"
"47","III","1959",1959-12-02,-66.05489,45.25793,"A","28","11","Lumbineris sp.",NA,"1","0","0"
"48","VI","1961",1961-10-26,-66.03123,45.21391,"B","16","11","Lumbineris sp.",NA,"2","6.7","0"
"49","VII","1961",1961-10-26,-66.05597,45.24868,"C","12","11","Lumbineris sp.",NA,"1","9.6","0"
"50","VI","1959",1959-11-30,-66.03123,45.21391,"A",NA,"11","Lumbineris sp.",NA,"3","0","0"
"51","VI","1961",1961-10-26,-66.03123,45.21391,"C","16","11","Lumbineris sp.",NA,"1","0","0"
"52","V","1961",1961-10-26,-66.03305,45.22846,"B","11","11","Lumbineris sp.",NA,"1","0","0"
"53","VI","1959",1959-11-30,-66.03123,45.21391,"C",NA,"11","Lumbineris sp.",NA,"2","0","0"
"54","VI","1961",1961-10-26,-66.03123,45.21391,"C","16","12","Ninoë nigripes","Ninoe nigripes","1","2.0","0"
"55","VI","1959",1959-11-30,-66.03123,45.21391,"C",NA,"12","Ninoë nigripes","Ninoe nigripes","1","10.6","0"
"56","VIII","1959",1959-11-30,-66.06133,45.23699,"A",NA,"12","Ninoë nigripes","Ninoe nigripes","6","56.4","0"
"57","VII","1959",1959-12-02,-66.05597,45.24868,"B",NA,"12","Ninoë nigripes","Ninoe nigripes","1","7.5","0"
"58","VII","1959",1959-12-02,-66.05597,45.24868,"C",NA,"12","Ninoë nigripes","Ninoe nigripes","2","45.3","0"
"59","VIII","1959",1959-11-30,-66.06133,45.23699,"B",NA,"12","Ninoë nigripes","Ninoe nigripes","1","0","0"
"60","V","1959",1959-11-30,-66.03305,45.22846,"A",NA,"12","Ninoë nigripes","Ninoe nigripes","1","0","0"
"61","VII","1959",1959-12-02,-66.05597,45.24868,"A",NA,"12","Ninoë nigripes","Ninoe nigripes","2","0.8","0"
"62","VI","1961",1961-10-26,-66.03123,45.21391,"B","16","12","Ninoë nigripes","Ninoe nigripes","2","10.5","0"
"63","V","1961",1961-10-26,-66.03305,45.22846,"C","11","12","Ninoë nigripes","Ninoe nigripes","5","18.0","0"
"64","VI","1959",1959-11-30,-66.03123,45.21391,"A",NA,"12","Ninoë nigripes","Ninoe nigripes","2","6.3","0"
"65","III","1959",1959-12-02,-66.05489,45.25793,"A","28","12","Ninoë nigripes","Ninoe nigripes","1","1.4","0"
"66","V","1961",1961-10-26,-66.03305,45.22846,"B","11","12","Ninoë nigripes","Ninoe nigripes","1","4.0","0"
"67","IX","1959",1959-12-02,-66.0423,45.26454,"A","3","13","Microphthalmus sczelkowii","Microphthalmus sczelkowii","1","0","0"
"68","III","1961",1961-10-26,-66.05489,45.25793,"B","16","13","Microphthalmus sczelkowii","Microphthalmus sczelkowii","1","0.1","0"
"69","X","1961",1961-10-26,-66.04366,45.25478,"A","8","13","Microphthalmus sczelkowii","Microphthalmus sczelkowii","1","0.1","0"
"70","IV","1961",1961-10-26,-66.0436,45.24274,"A","12","13","Microphthalmus sczelkowii","Microphthalmus sczelkowii","1","0.2","0"
"71","V","1959",1959-11-30,-66.03305,45.22846,"C",NA,"14","Paraonis gracilis",NA,"3","0","0"
"72","X","1961",1961-10-26,-66.04366,45.25478,"C","8","14","Paraonis gracilis",NA,"3","0.4","0"
"73","IV","1961",1961-10-26,-66.0436,45.24274,"B","12","14","Paraonis gracilis",NA,"6","1.0","0"
"74","VII","1959",1959-12-02,-66.05597,45.24868,"C",NA,"14","Paraonis gracilis",NA,"1","0","0"
"75","280.3","1959",1959-12-03,-66.18705,45.3332,"A","20","14","Paraonis gracilis",NA,"20","21.1","0"
"76","VI","1959",1959-11-30,-66.03123,45.21391,"C",NA,"14","Paraonis gracilis",NA,"1","0","0"
"77","IV","1959",1959-12-01,-66.0436,45.24274,"B","16","14","Paraonis gracilis",NA,"9","1.4","0"
"78","X","1961",1961-10-26,-66.04366,45.25478,"B","8","14","Paraonis gracilis",NA,"13","1.5","0"
"79","XI","1961",1961-10-26,-66.03099,45.25134,"C","6","14","Paraonis gracilis",NA,"26","8.4","0"
"80","III","1961",1961-10-26,-66.05489,45.25793,"A","16","14","Paraonis gracilis",NA,"1","0","0"
"81","XI","1959",1959-12-01,-66.03099,45.25134,"A","9","14","Paraonis gracilis",NA,"2","0.1","0"
"82","IX","1959",1959-12-02,-66.0423,45.26454,"C","3","14","Paraonis gracilis",NA,"1","0","0"
"83","K.M.","1959",1959-12-04,-66.13152,45.31109,"C","38","14","Paraonis gracilis",NA,"1","0","0"
"84","V","1961",1961-10-26,-66.03305,45.22846,"B","11","14","Paraonis gracilis",NA,"2","0.1","0"
"85","V","1961",1961-10-26,-66.03305,45.22846,"C","11","14","Paraonis gracilis",NA,"2","0.3","0"
"86","II","1961",1961-10-25,-66.05948,45.26274,"C","22","14","Paraonis gracilis",NA,"5","1.5","0"
"87","VI","1961",1961-10-26,-66.03123,45.21391,"A","16","14","Paraonis gracilis",NA,"1","0","0"
"88","VI","1959",1959-11-30,-66.03123,45.21391,"A",NA,"14","Paraonis gracilis",NA,"1","0","0"
"89","VII","1959",1959-12-02,-66.05597,45.24868,"A",NA,"14","Paraonis gracilis",NA,"17","0","0"
"90","IV","1961",1961-10-26,-66.0436,45.24274,"A","12","14","Paraonis gracilis",NA,"29","6.5","0"
"91","X","1959",1959-12-01,-66.04366,45.25478,"C","7","14","Paraonis gracilis",NA,"13","0","0"
"92","IX","1959",1959-12-02,-66.0423,45.26454,"A","3","14","Paraonis gracilis",NA,"3","0","0"
"93","VIII","1959",1959-11-30,-66.06133,45.23699,"A",NA,"14","Paraonis gracilis",NA,"2","0","0"
"94","IV","1959",1959-12-01,-66.0436,45.24274,"C","16","14","Paraonis gracilis",NA,"9","5.6","0"
"95","V","1959",1959-11-30,-66.03305,45.22846,"C",NA,"15","Aricidae suecica",NA,"9","2.6","0"
"96","VII","1961",1961-10-26,-66.05597,45.24868,"B","12","15","Aricidae suecica",NA,"46","3.6","0"
"97","VIII","1959",1959-11-30,-66.06133,45.23699,"B",NA,"15","Aricidae suecica",NA,"27","19.7","0"
"98","V","1959",1959-11-30,-66.03305,45.22846,"A",NA,"15","Aricidae suecica",NA,"4","0","0"
"99","VII","1961",1961-10-26,-66.05597,45.24868,"A","12","15","Aricidae suecica",NA,"40","3.5","0"
"100","VII","1959",1959-12-02,-66.05597,45.24868,"B",NA,"15","Aricidae suecica",NA,"80","5.6","0"
"101","VIII","1959",1959-11-30,-66.06133,45.23699,"C",NA,"15","Aricidae suecica",NA,"14","1.9","0"
"102","K.M.","1959",1959-12-04,-66.13152,45.31109,"B","39","15","Aricidae suecica",NA,"1","0","0"
"103","VIII","1959",1959-11-30,-66.06133,45.23699,"A",NA,"15","Aricidae suecica",NA,"28","1.6","0"
"104","VIII","1961",1961-10-26,-66.06133,45.23699,"C","10","15","Aricidae suecica",NA,"17","4.1","0"
"105","X","1959",1959-12-01,-66.04366,45.25478,"A","7","15","Aricidae suecica",NA,"18","1.0","0"
"106","IV","1959",1959-12-01,-66.0436,45.24274,"A","18","15","Aricidae suecica",NA,"1","0.1","0"
"107","VIII","1961",1961-10-26,-66.06133,45.23699,"B","10","15","Aricidae suecica",NA,"20","2.3","0"
"108","XI","1959",1959-12-01,-66.03099,45.25134,"B","9","15","Aricidae suecica",NA,"2","0.3","0"
"109","III","1959",1959-12-02,-66.05489,45.25793,"C","28","15","Aricidae suecica",NA,"1","0","0"
"110","VI","1959",1959-11-30,-66.03123,45.21391,"C",NA,"15","Aricidae suecica",NA,"1","0","0"
"111","VII","1959",1959-12-02,-66.05597,45.24868,"C",NA,"15","Aricidae suecica",NA,"145","5.3","0"
"112","X","1959",1959-12-01,-66.04366,45.25478,"B","7","15","Aricidae suecica",NA,"87","13.0","0"
"113","VII","1959",1959-12-02,-66.05597,45.24868,"A",NA,"15","Aricidae suecica",NA,"90","10.5","0"
"114","VI","1961",1961-10-26,-66.03123,45.21391,"B","16","15","Aricidae suecica",NA,"1","0","0"
"115","VI","1961",1961-10-26,-66.03123,45.21391,"C","16","15","Aricidae suecica",NA,"1","0","0"
"116","VII","1961",1961-10-26,-66.05597,45.24868,"C","12","15","Aricidae suecica",NA,"35","2.5","0"
"117","VI","1959",1959-11-30,-66.03123,45.21391,"A",NA,"15","Aricidae suecica",NA,"1","0","0"
"118","XI","1959",1959-12-01,-66.03099,45.25134,"C","9","15","Aricidae suecica",NA,"5","0","0"
"119","VI","1959",1959-11-30,-66.03123,45.21391,"B",NA,"16","Scoloplos acutus","Scoloplos acutus","8","0.4","0"
"120","VIII","1961",1961-10-26,-66.06133,45.23699,"B","10","16","Scoloplos acutus","Scoloplos acutus","35","4.3","0"
"121","X","1961",1961-10-26,-66.04366,45.25478,"B","8","16","Scoloplos acutus","Scoloplos acutus","1","0.3","0"
"122","VII","1961",1961-10-26,-66.05597,45.24868,"A","12","16","Scoloplos acutus","Scoloplos acutus","5","1.2","0"
"123","X","1959",1959-12-01,-66.04366,45.25478,"B","7","16","Scoloplos acutus","Scoloplos acutus","7","6.4","0"
"124","287.7","1959",1959-12-03,-66.09453,45.26712,"B","49","16","Scoloplos acutus","Scoloplos acutus","2","0","0"
"125","XI","1959",1959-12-01,-66.03099,45.25134,"C","9","16","Scoloplos acutus","Scoloplos acutus","3","1.5","0"
"126","V","1959",1959-11-30,-66.03305,45.22846,"B",NA,"16","Scoloplos acutus","Scoloplos acutus","5","1.6","0"
"127","VIII","1959",1959-11-30,-66.06133,45.23699,"C",NA,"16","Scoloplos acutus","Scoloplos acutus","40","10.5","0"
"128","VIII","1959",1959-11-30,-66.06133,45.23699,"B",NA,"16","Scoloplos acutus","Scoloplos acutus","13","0","0"
"129","VII","1959",1959-12-02,-66.05597,45.24868,"B",NA,"16","Scoloplos acutus","Scoloplos acutus","92","23.3","0"
"130","V","1961",1961-10-26,-66.03305,45.22846,"C","11","16","Scoloplos acutus","Scoloplos acutus","15","3.2","0"
"131","V","1961",1961-10-26,-66.03305,45.22846,"B","11","16","Scoloplos acutus","Scoloplos acutus","12","2.1","0"
"132","X","1961",1961-10-26,-66.04366,45.25478,"C","8","16","Scoloplos acutus","Scoloplos acutus","1","1.4","0"
"133","IV","1959",1959-12-01,-66.0436,45.24274,"A","18","16","Scoloplos acutus","Scoloplos acutus","1","0","0"
"134","IX","1959",1959-12-02,-66.0423,45.26454,"C","3","16","Scoloplos acutus","Scoloplos acutus","2","0.1","0"
"135","VII","1961",1961-10-26,-66.05597,45.24868,"B","12","16","Scoloplos acutus","Scoloplos acutus","16","2.4","0"
"136","VII","1959",1959-12-02,-66.05597,45.24868,"C",NA,"16","Scoloplos acutus","Scoloplos acutus","65","6.7","0"
"137","V","1959",1959-11-30,-66.03305,45.22846,"A",NA,"16","Scoloplos acutus","Scoloplos acutus","85","20.3","0"
"138","V","1961",1961-10-26,-66.03305,45.22846,"A","11","16","Scoloplos acutus","Scoloplos acutus","4","0","0"
"139","VII","1959",1959-12-02,-66.05597,45.24868,"A",NA,"16","Scoloplos acutus","Scoloplos acutus","41","14.5","0"
"140","X","1959",1959-12-01,-66.04366,45.25478,"A","7","16","Scoloplos acutus","Scoloplos acutus","7","0.8","0"
"141","V","1959",1959-11-30,-66.03305,45.22846,"C",NA,"16","Scoloplos acutus","Scoloplos acutus","78","16.9","0"
"142","VIII","1959",1959-11-30,-66.06133,45.23699,"A",NA,"16","Scoloplos acutus","Scoloplos acutus","56","25.6","0"
"143","X","1959",1959-12-01,-66.04366,45.25478,"C","7","16","Scoloplos acutus","Scoloplos acutus","1","2.8","0"
"144","VI","1959",1959-11-30,-66.03123,45.21391,"C",NA,"16","Scoloplos acutus","Scoloplos acutus","2","0","0"
"145","VIII","1961",1961-10-26,-66.06133,45.23699,"C","10","16","Scoloplos acutus","Scoloplos acutus","33","4.7","0"
"146","VII","1961",1961-10-26,-66.05597,45.24868,"C","12","16","Scoloplos acutus","Scoloplos acutus","8","1.9","0"
"147","VIII","1959",1959-11-30,-66.06133,45.23699,"B",NA,"17","Sternaspis sp.",NA,"3","23.0","0"
"148","IV","1959",1959-12-01,-66.0436,45.24274,"A","18","17","Sternaspis sp.",NA,"1","0","0"
"149","VII","1961",1961-10-26,-66.05597,45.24868,"B","12","17","Sternaspis sp.",NA,"1","50.1","0"
"150","VII","1959",1959-12-02,-66.05597,45.24868,"A",NA,"17","Sternaspis sp.",NA,"1","0.6","0"
"151","VI","1959",1959-11-30,-66.03123,45.21391,"A",NA,"17","Sternaspis sp.",NA,"2","0","0"
"152","VI","1961",1961-10-26,-66.03123,45.21391,"B","16","17","Sternaspis sp.",NA,"2","21.4","0"
"153","V","1959",1959-11-30,-66.03305,45.22846,"A",NA,"17","Sternaspis sp.",NA,"5","6.1","0"
"154","VI","1959",1959-11-30,-66.03123,45.21391,"C",NA,"17","Sternaspis sp.",NA,"3","1.1","0"
"155","VIII","1961",1961-10-26,-66.06133,45.23699,"B","10","17","Sternaspis sp.",NA,"15","61.8","0"
"156","VIII","1959",1959-11-30,-66.06133,45.23699,"A",NA,"17","Sternaspis sp.",NA,"12","11.2","0"
"157","V","1961",1961-10-26,-66.03305,45.22846,"C","11","17","Sternaspis sp.",NA,"1","0","0"
"158","VIII","1961",1961-10-26,-66.06133,45.23699,"C","10","17","Sternaspis sp.",NA,"14","55.6","0"
"159","V","1959",1959-11-30,-66.03305,45.22846,"C",NA,"17","Sternaspis sp.",NA,"10","90.7","0"
"160","VII","1959",1959-12-02,-66.05597,45.24868,"B",NA,"17","Sternaspis sp.",NA,"6","1.7","0"
"161","VIII","1959",1959-11-30,-66.06133,45.23699,"C",NA,"17","Sternaspis sp.",NA,"2","2.0","0"
"162","VI","1961",1961-10-26,-66.03123,45.21391,"B","16","18","Pherusa sp.",NA,"1","0","0"
"163","V","1961",1961-10-26,-66.03305,45.22846,"C","11","18","Pherusa sp.",NA,"1","0","0"
"164","V","1961",1961-10-26,-66.03305,45.22846,"A","11","18","Pherusa sp.",NA,"5","10.6","0"
"165","VI","1959",1959-11-30,-66.03123,45.21391,"A",NA,"18","Pherusa sp.",NA,"5","72.5","0"
"166","IV","1959",1959-12-01,-66.0436,45.24274,"C","16","18","Pherusa sp.",NA,"1","2.1","0"
"167","VI","1961",1961-10-26,-66.03123,45.21391,"C","16","18","Pherusa sp.",NA,"5","6.5","0"
"168","VIII","1961",1961-10-26,-66.06133,45.23699,"C","10","18","Pherusa sp.",NA,"1","0.6","0"
"169","V","1959",1959-11-30,-66.03305,45.22846,"C",NA,"18","Pherusa sp.",NA,"2","0","0"
"170","IX","1959",1959-12-02,-66.0423,45.26454,"B","3","18","Pherusa sp.",NA,"1","1.5","0"
"171","IX","1959",1959-12-02,-66.0423,45.26454,"A","3","18","Pherusa sp.",NA,"1","2.5","0"
"172","IV","1959",1959-12-01,-66.0436,45.24274,"A","18","19","Scalibregma inflatum","Scalibregma inflatum","1","0","0"
"173","V","1959",1959-11-30,-66.03305,45.22846,"C",NA,"19","Scalibregma inflatum","Scalibregma inflatum","1","0","0"
"174","VII","1961",1961-10-26,-66.05597,45.24868,"A","12","19","Scalibregma inflatum","Scalibregma inflatum","1","0.2","0"
"175","VII","1961",1961-10-26,-66.05597,45.24868,"C","12","19","Scalibregma inflatum","Scalibregma inflatum","1","0.1","0"
"176","VIII","1961",1961-10-26,-66.06133,45.23699,"C","10","19","Scalibregma inflatum","Scalibregma inflatum","0","0.4","0"
"177","V","1959",1959-11-30,-66.03305,45.22846,"A",NA,"19","Scalibregma inflatum","Scalibregma inflatum","1","0","0"
"178","IV","1961",1961-10-26,-66.0436,45.24274,"A","12","19","Scalibregma inflatum","Scalibregma inflatum","3","0.5","0"
"179","VIII","1959",1959-11-30,-66.06133,45.23699,"C",NA,"19","Scalibregma inflatum","Scalibregma inflatum","1","0","0"
"180","X","1959",1959-12-01,-66.04366,45.25478,"B","7","19","Scalibregma inflatum","Scalibregma inflatum","1","0","0"
"181","K.M.","1959",1959-12-04,-66.13152,45.31109,"C","38","19","Scalibregma inflatum","Scalibregma inflatum","1","0","0"
"182","X","1961",1961-10-26,-66.04366,45.25478,"B","8","19","Scalibregma inflatum","Scalibregma inflatum","1","0.3","0"
"183","VIII","1959",1959-11-30,-66.06133,45.23699,"C",NA,"2","Priapulus caudatus","Priapulus caudatus","1","9.9","0"
"184","287.7","1959",1959-12-03,-66.09453,45.26712,"B","49","2","Priapulus caudatus","Priapulus caudatus","1","19.0","0"
"185","K.M.","1959",1959-12-04,-66.13152,45.31109,"B","39","2","Priapulus caudatus","Priapulus caudatus","1","60.6","0"
"186","K.M.","1961",1961-10-24,-66.13152,45.31109,"C","25","2","Priapulus caudatus","Priapulus caudatus","1","1509.3","0"
"187","X","1959",1959-12-01,-66.04366,45.25478,"B","7","20","Clymenella torquata","Clymenella torquata","1","0","0"
"188","IV","1961",1961-10-26,-66.0436,45.24274,"B","12","20","Clymenella torquata","Clymenella torquata","5","2.2","0"
"189","IV","1961",1961-10-26,-66.0436,45.24274,"A","12","20","Clymenella torquata","Clymenella torquata","1","0","0"
"190","280.3","1961",1961-10-24,-66.18705,45.3332,"A","21","20","Clymenella torquata","Clymenella torquata","1","0.5","0"
"191","V","1959",1959-11-30,-66.03305,45.22846,"C",NA,"20","Clymenella torquata","Clymenella torquata","1","1.2","0"
"192","III","1961",1961-10-26,-66.05489,45.25793,"C","16","21","Maldanopsis sp.","Maldanopsis","6","2.8","0"
"193","VI","1961",1961-10-26,-66.03123,45.21391,"B","16","21","Maldanopsis sp.","Maldanopsis","1","0","0"
"194","K.M.","1959",1959-12-04,-66.13152,45.31109,"C","38","21","Maldanopsis sp.","Maldanopsis","1","3.5","0"
"195","287.7","1959",1959-12-03,-66.09453,45.26712,"B","49","21","Maldanopsis sp.","Maldanopsis","1","0.5","0"
"196","K.M.","1961",1961-10-24,-66.13152,45.31109,"C","25","21","Maldanopsis sp.","Maldanopsis","19","15.4","0"
"197","284.8","1961",1961-10-24,-66.12635,45.28522,"B","40","21","Maldanopsis sp.","Maldanopsis","11","1.2","0"
"198","280.3","1959",1959-12-03,-66.18705,45.3332,"B","21","21","Maldanopsis sp.","Maldanopsis","2","2.3","0"
"199","X","1961",1961-10-26,-66.04366,45.25478,"B","8","21","Maldanopsis sp.","Maldanopsis","1","0","0"
"200","IX","1961",1961-10-26,-66.0423,45.26454,"B","14","21","Maldanopsis sp.","Maldanopsis","1","0.4","0"
"201","287.7","1961",1961-10-24,-66.09453,45.26712,"C","37","21","Maldanopsis sp.","Maldanopsis","65","36.4","0"
"202","V","1961",1961-10-26,-66.03305,45.22846,"C","11","21","Maldanopsis sp.","Maldanopsis","2","0","0"
"203","III","1961",1961-10-26,-66.05489,45.25793,"A","16","21","Maldanopsis sp.","Maldanopsis","6","0.9","0"
"204","VI","1961",1961-10-26,-66.03123,45.21391,"A","16","21","Maldanopsis sp.","Maldanopsis","1","0","0"
"205","284.8","1961",1961-10-24,-66.12635,45.28522,"C","24","21","Maldanopsis sp.","Maldanopsis","37","10.3","0"
"206","III","1961",1961-10-26,-66.05489,45.25793,"B","16","21","Maldanopsis sp.","Maldanopsis","7","1.5","0"
"207","IX","1961",1961-10-26,-66.0423,45.26454,"A","14","21","Maldanopsis sp.","Maldanopsis","5","0.6","0"
"208","X","1961",1961-10-26,-66.04366,45.25478,"A","8","21","Maldanopsis sp.","Maldanopsis","1","0","0"
"209","V","1961",1961-10-26,-66.03305,45.22846,"B","11","21","Maldanopsis sp.","Maldanopsis","1","0.1","0"
"210","IV","1961",1961-10-26,-66.0436,45.24274,"A","12","21","Maldanopsis sp.","Maldanopsis","6","1.3","0"
"211","VI","1961",1961-10-26,-66.03123,45.21391,"C","16","21","Maldanopsis sp.","Maldanopsis","1","0.3","0"
"212","K.M.","1959",1959-12-04,-66.13152,45.31109,"C","38","22","Ophelia sp.","Ophelia","1","1.2","0"
"213","IV","1961",1961-10-26,-66.0436,45.24274,"A","12","22","Ophelia sp.","Ophelia","1","0.6","0"
"214","V","1959",1959-11-30,-66.03305,45.22846,"A",NA,"22","Ophelia sp.","Ophelia","1","0","0"
"215","K.M.","1961",1961-10-24,-66.13152,45.31109,"C","25","22","Ophelia sp.","Ophelia","71","28.4","0"
"216","X","1961",1961-10-26,-66.04366,45.25478,"B","8","22","Ophelia sp.","Ophelia","1","0.7","0"
"217","V","1959",1959-11-30,-66.03305,45.22846,"C",NA,"22","Ophelia sp.","Ophelia","1","0","0"
"218","IV","1961",1961-10-26,-66.0436,45.24274,"B","12","23","Ammotrypane aulogaster","Ophelina acuminata","5","7.2","0"
"219","X","1961",1961-10-26,-66.04366,45.25478,"B","8","23","Ammotrypane aulogaster","Ophelina acuminata","1","0","0"
"220","IV","1961",1961-10-26,-66.0436,45.24274,"A","12","23","Ammotrypane aulogaster","Ophelina acuminata","4","5.3","0"
"221","K.M.","1959",1959-12-04,-66.13152,45.31109,"A","38","23","Ammotrypane aulogaster","Ophelina acuminata","1","0.5","0"
"222","K.M.","1961",1961-10-24,-66.13152,45.31109,"C","25","24","Trochochaeta sp.","Trochochaeta","2","5.3","0"
"223","VII","1959",1959-12-02,-66.05597,45.24868,"C",NA,"24","Trochochaeta sp.","Trochochaeta","1","0.9","0"
"224","K.M.","1959",1959-12-04,-66.13152,45.31109,"C","38","24","Trochochaeta sp.","Trochochaeta","1","1.2","0"
"225","K.M.","1959",1959-12-04,-66.13152,45.31109,"B","39","24","Trochochaeta sp.","Trochochaeta","1","2.9","0"
"226","IX","1961",1961-10-26,-66.0423,45.26454,"C","14","25","species","Capitellidae","18","2.2","0"
"227","K.M.","1959",1959-12-04,-66.13152,45.31109,"C","38","25","species","Capitellidae","3","3.2","0"
"228","IX","1959",1959-12-02,-66.0423,45.26454,"B","3","26","Goniada maculata","Goniada maculata","1","3.9","0"
"229","V","1959",1959-11-30,-66.03305,45.22846,"A",NA,"26","Goniada maculata","Goniada maculata","1","0","0"
"230","VII","1961",1961-10-26,-66.05597,45.24868,"A","12","26","Goniada maculata","Goniada maculata","6","37.4","0"
"231","VI","1959",1959-11-30,-66.03123,45.21391,"B",NA,"26","Goniada maculata","Goniada maculata","4","3.0","0"
"232","VII","1961",1961-10-26,-66.05597,45.24868,"C","12","26","Goniada maculata","Goniada maculata","3","25.7","0"
"233","VI","1961",1961-10-26,-66.03123,45.21391,"A","16","26","Goniada maculata","Goniada maculata","1","0.7","0"
"234","VI","1961",1961-10-26,-66.03123,45.21391,"C","16","26","Goniada maculata","Goniada maculata","2","2.2","0"
"235","VI","1959",1959-11-30,-66.03123,45.21391,"A",NA,"26","Goniada maculata","Goniada maculata","3","1.5","0"
"236","287.7","1959",1959-12-03,-66.09453,45.26712,"B","49","26","Goniada maculata","Goniada maculata","1","6.2","0"
"237","VII","1959",1959-12-02,-66.05597,45.24868,"A",NA,"26","Goniada maculata","Goniada maculata","5","43.7","0"
"238","VII","1959",1959-12-02,-66.05597,45.24868,"C",NA,"26","Goniada maculata","Goniada maculata","3","44.8","0"
"239","V","1959",1959-11-30,-66.03305,45.22846,"C",NA,"26","Goniada maculata","Goniada maculata","1","0.5","0"
"240","VII","1959",1959-12-02,-66.05597,45.24868,"B",NA,"26","Goniada maculata","Goniada maculata","4","5.7","0"
"241","VIII","1959",1959-11-30,-66.06133,45.23699,"B",NA,"26","Goniada maculata","Goniada maculata","3","11.8","0"
"242","VI","1959",1959-11-30,-66.03123,45.21391,"C",NA,"26","Goniada maculata","Goniada maculata","3","11.1","0"
"243","VII","1961",1961-10-26,-66.05597,45.24868,"B","12","26","Goniada maculata","Goniada maculata","4","48.7","0"
"244","K.M.","1961",1961-10-24,-66.13152,45.31109,"C","25","27","Harmothoë imbricata","Harmothoe imbricata","2","1.8","0"
"245","K.M.","1959",1959-12-04,-66.13152,45.31109,"B","39","27","Harmothoë imbricata","Harmothoe imbricata","2","2.0","0"
"246","280.3","1961",1961-10-24,-66.18705,45.3332,"C","21","27","Harmothoë imbricata","Harmothoe imbricata","1","0.1","0"
"247","VI","1961",1961-10-26,-66.03123,45.21391,"B","16","27","Harmothoë imbricata","Harmothoe imbricata","1","0","0"
"248","VI","1959",1959-11-30,-66.03123,45.21391,"C",NA,"28","Antinoella sarsi","Bylgides sarsi","2","2.7","0"
"249","II","1959",1959-11-30,-66.05948,45.26274,"B","23","28","Antinoella sarsi","Bylgides sarsi","1","1.6","0"
"250","II","1959",1959-11-30,-66.05948,45.26274,"A","23","28","Antinoella sarsi","Bylgides sarsi","2","31.8","0"
"251","X","1961",1961-10-26,-66.04366,45.25478,"C","8","29","Sthenelais limicola","Sthenelais limicola","1","2.8","0"
"252","XI","1959",1959-12-01,-66.03099,45.25134,"C","9","29","Sthenelais limicola","Sthenelais limicola","1","0.9","0"
"253","IV","1959",1959-12-01,-66.0436,45.24274,"A","18","29","Sthenelais limicola","Sthenelais limicola","2","3.9","0"
"254","V","1959",1959-11-30,-66.03305,45.22846,"A",NA,"29","Sthenelais limicola","Sthenelais limicola","1","2.1","0"
"255","V","1959",1959-11-30,-66.03305,45.22846,"B",NA,"29","Sthenelais limicola","Sthenelais limicola","1","0.7","0"
"256","X","1959",1959-12-01,-66.04366,45.25478,"B","7","29","Sthenelais limicola","Sthenelais limicola","2","18.8","0"
"257","VIII","1959",1959-11-30,-66.06133,45.23699,"B",NA,"29","Sthenelais limicola","Sthenelais limicola","1","0.7","0"
"258","X","1961",1961-10-26,-66.04366,45.25478,"B","8","29","Sthenelais limicola","Sthenelais limicola","1","0.6","0"
"259","VI","1961",1961-10-26,-66.03123,45.21391,"B","16","29","Sthenelais limicola","Sthenelais limicola","1","5.6","0"
"260","VI","1959",1959-11-30,-66.03123,45.21391,"B",NA,"29","Sthenelais limicola","Sthenelais limicola","8","3.0","0"
"261","280.3","1959",1959-12-03,-66.18705,45.3332,"A","20","3","Unident. Species*","Oligochaeta","4","0","0"
"262","VII","1959",1959-12-02,-66.05597,45.24868,"B",NA,"3","Unident. Species*","Oligochaeta","46","1.3","0"
"263","IV","1961",1961-10-26,-66.0436,45.24274,"A","12","3","Unident. Species*","Oligochaeta","1","0","0"
"264","287.7","1959",1959-12-03,-66.09453,45.26712,"A","49","3","Unident. Species*","Oligochaeta","454","263.3","0"
"265","XI","1959",1959-12-01,-66.03099,45.25134,"B","9","3","Unident. Species*","Oligochaeta","1","0","0"
"266","X","1959",1959-12-01,-66.04366,45.25478,"C","7","3","Unident. Species*","Oligochaeta","5","0","0"
"267","IX","1959",1959-12-02,-66.0423,45.26454,"C","3","3","Unident. Species*","Oligochaeta","47","1.5","0"
"268","III","1959",1959-12-02,-66.05489,45.25793,"A","28","3","Unident. Species*","Oligochaeta","5","0","0"
"269","284.8","1959",1959-11-30,-66.12635,45.28522,"B","22","3","Unident. Species*","Oligochaeta","800","102.7","0"
"270","287.7","1959",1959-12-03,-66.09453,45.26712,"B","49","3","Unident. Species*","Oligochaeta","470","228.2","0"
"271","K.M.","1959",1959-12-04,-66.13152,45.31109,"B","39","3","Unident. Species*","Oligochaeta","1","0","0"
"272","X","1959",1959-12-01,-66.04366,45.25478,"B","7","3","Unident. Species*","Oligochaeta","2","0","0"
"273","I","1959",1959-12-01,-66.06963,45.26968,"B","44","3","Unident. Species*","Oligochaeta","1","0","0"
"274","XI","1959",1959-12-01,-66.03099,45.25134,"A","9","3","Unident. Species*","Oligochaeta","5","0","0"
"275","I","1959",1959-12-01,-66.06963,45.26968,"A","21","3","Unident. Species*","Oligochaeta","70","3.6","0"
"276","VII","1961",1961-10-26,-66.05597,45.24868,"B","12","3","Unident. Species*","Oligochaeta","1","1.8","0"
"277","VI","1959",1959-11-30,-66.03123,45.21391,"C",NA,"3","Unident. Species*","Oligochaeta","1","6.9","0"
"278","287.7","1959",1959-12-03,-66.09453,45.26712,"C","49","3","Unident. Species*","Oligochaeta","60","13.7","0"
"279","VI","1959",1959-11-30,-66.03123,45.21391,"A",NA,"3","Unident. Species*","Oligochaeta","9","0","0"
"280","VIII","1959",1959-11-30,-66.06133,45.23699,"A",NA,"3","Unident. Species*","Oligochaeta","20","0","0"
"281","III","1961",1961-10-26,-66.05489,45.25793,"A","16","3","Unident. Species*","Oligochaeta","2","0","0"
"282","III","1961",1961-10-26,-66.05489,45.25793,"B","16","3","Unident. Species*","Oligochaeta","4","0","0"
"283","XI","1959",1959-12-01,-66.03099,45.25134,"C","9","3","Unident. Species*","Oligochaeta","2","0","0"
"284","VII","1959",1959-12-02,-66.05597,45.24868,"C",NA,"3","Unident. Species*","Oligochaeta","110","1.5","0"
"285","IV","1959",1959-12-01,-66.0436,45.24274,"B","16","3","Unident. Species*","Oligochaeta","1","0.1","0"
"286","VIII","1959",1959-11-30,-66.06133,45.23699,"B",NA,"3","Unident. Species*","Oligochaeta","14","0.5","0"
"287","VI","1959",1959-11-30,-66.03123,45.21391,"B",NA,"3","Unident. Species*","Oligochaeta","16","0","0"
"288","X","1959",1959-12-01,-66.04366,45.25478,"A","7","3","Unident. Species*","Oligochaeta","2","0","0"
"289","VII","1961",1961-10-26,-66.05597,45.24868,"A","12","3","Unident. Species*","Oligochaeta","1","2.7","0"
"290","V","1959",1959-11-30,-66.03305,45.22846,"B",NA,"3","Unident. Species*","Oligochaeta","1","0","0"
"291","IX","1959",1959-12-02,-66.0423,45.26454,"A","3","3","Unident. Species*","Oligochaeta","2","0","0"
"292","280.3","1961",1961-10-24,-66.18705,45.3332,"A","21","3","Unident. Species*","Oligochaeta","2","0","0"
"293","III","1959",1959-12-02,-66.05489,45.25793,"C","28","3","Unident. Species*","Oligochaeta","2","0","0"
"294","IX","1959",1959-12-02,-66.0423,45.26454,"B","3","3","Unident. Species*","Oligochaeta","134","1.4","0"
"295","VIII","1959",1959-11-30,-66.06133,45.23699,"C",NA,"3","Unident. Species*","Oligochaeta","12","0","0"
"296","284.8","1959",1959-11-30,-66.12635,45.28522,"A","22","3","Unident. Species*","Oligochaeta","98","26.7","0"
"297","VII","1959",1959-12-02,-66.05597,45.24868,"A",NA,"3","Unident. Species*","Oligochaeta","39","4.0","0"
"298","284.8","1959",1959-11-30,-66.12635,45.28522,"C","22","3","Unident. Species*","Oligochaeta","4","0","0"
"299","VI","1961",1961-10-26,-66.03123,45.21391,"C","16","3","Unident. Species*","Oligochaeta","1","5.0","0"
"300","IX","1961",1961-10-26,-66.0423,45.26454,"A","14","3","Unident. Species*","Oligochaeta","1","0","0"
"301","II","1959",1959-11-30,-66.05948,45.26274,"B","23","3","Unident. Species*","Oligochaeta","4","0","0"
"302","II","1959",1959-11-30,-66.05948,45.26274,"A","23","3","Unident. Species*","Oligochaeta","3","0","0"
"303","V","1959",1959-11-30,-66.03305,45.22846,"A",NA,"3","Unident. Species*","Oligochaeta","8","0","0"
"304","V","1959",1959-11-30,-66.03305,45.22846,"C",NA,"3","Unident. Species*","Oligochaeta","9","0.3","0"
"305","V","1959",1959-11-30,-66.03305,45.22846,"C",NA,"30","Pista maculata",NA,"4","1.2","0"
"306","VII","1959",1959-12-02,-66.05597,45.24868,"B",NA,"30","Pista maculata",NA,"1","0","0"
"307","V","1961",1961-10-26,-66.03305,45.22846,"A","11","30","Pista maculata",NA,"1","2.5","0"
"308","VII","1959",1959-12-02,-66.05597,45.24868,"C",NA,"30","Pista maculata",NA,"1","0","0"
"309","VI","1961",1961-10-26,-66.03123,45.21391,"C","16","31","Terebellidea stroemi",NA,"1","13.7","0"
"310","III","1961",1961-10-26,-66.05489,45.25793,"B","16","31","Terebellidea stroemi",NA,"1","0.1","0"
"311","VIII","1959",1959-11-30,-66.06133,45.23699,"A",NA,"31","Terebellidea stroemi",NA,"4","0.4","0"
"312","VII","1959",1959-12-02,-66.05597,45.24868,"A",NA,"31","Terebellidea stroemi",NA,"1","0","0"
"313","K.M.","1959",1959-12-04,-66.13152,45.31109,"C","38","31","Terebellidea stroemi",NA,"1","1.6","0"
"314","VIII","1961",1961-10-26,-66.06133,45.23699,"C","10","31","Terebellidea stroemi",NA,"1","1.6","0"
"315","II","1961",1961-10-25,-66.05948,45.26274,"B",NA,"31","Terebellidea stroemi",NA,"1","3.9","0"
"316","VIII","1961",1961-10-26,-66.06133,45.23699,"B","10","31","Terebellidea stroemi",NA,"3","2.2","0"
"317","V","1959",1959-11-30,-66.03305,45.22846,"C",NA,"31","Terebellidea stroemi",NA,"2","0.4","0"
"318","VI","1961",1961-10-26,-66.03123,45.21391,"B","16","31","Terebellidea stroemi",NA,"3","0.4","0"
"319","K.M.","1959",1959-12-04,-66.13152,45.31109,"B","39","31","Terebellidea stroemi",NA,"1","102.4","0"
"320","VI","1959",1959-11-30,-66.03123,45.21391,"B",NA,"31","Terebellidea stroemi",NA,"4","3.2","0"
"321","VII","1959",1959-12-02,-66.05597,45.24868,"B",NA,"31","Terebellidea stroemi",NA,"1","0","0"
"322","VIII","1959",1959-11-30,-66.06133,45.23699,"B",NA,"31","Terebellidea stroemi",NA,"1","0","0"
"323","IV","1961",1961-10-26,-66.0436,45.24274,"B","12","31","Terebellidea stroemi",NA,"1","0","0"
"324","VIII","1961",1961-10-26,-66.06133,45.23699,"C","10","32","Cossura sp.","Cossura","122","4.4","0"
"325","VII","1959",1959-12-02,-66.05597,45.24868,"A",NA,"32","Cossura sp.","Cossura","25","1.5","0"
"326","V","1959",1959-11-30,-66.03305,45.22846,"A",NA,"32","Cossura sp.","Cossura","15","13.5","0"
"327","VIII","1959",1959-11-30,-66.06133,45.23699,"A",NA,"32","Cossura sp.","Cossura","130","12.4","0"
"328","VII","1961",1961-10-26,-66.05597,45.24868,"B","12","32","Cossura sp.","Cossura","5","0.2","0"
"329","VI","1959",1959-11-30,-66.03123,45.21391,"B",NA,"32","Cossura sp.","Cossura","12","0","0"
"330","VIII","1961",1961-10-26,-66.06133,45.23699,"B","10","32","Cossura sp.","Cossura","161","7.7","0"
"331","III","1959",1959-12-02,-66.05489,45.25793,"A","28","32","Cossura sp.","Cossura","2","0","0"
"332","VIII","1959",1959-11-30,-66.06133,45.23699,"B",NA,"32","Cossura sp.","Cossura","68","8.0","0"
"333","VI","1959",1959-11-30,-66.03123,45.21391,"A",NA,"32","Cossura sp.","Cossura","14","0.4","0"
"334","X","1959",1959-12-01,-66.04366,45.25478,"B","7","32","Cossura sp.","Cossura","2","0","0"
"335","VII","1959",1959-12-02,-66.05597,45.24868,"B",NA,"32","Cossura sp.","Cossura","42","2.2","0"
"336","X","1959",1959-12-01,-66.04366,45.25478,"C","7","32","Cossura sp.","Cossura","1","0","0"
"337","XI","1959",1959-12-01,-66.03099,45.25134,"C","9","32","Cossura sp.","Cossura","1","0","0"
"338","K.M.","1961",1961-10-24,-66.13152,45.31109,"C","25","32","Cossura sp.","Cossura","1","0.2","0"
"339","VII","1961",1961-10-26,-66.05597,45.24868,"A","12","32","Cossura sp.","Cossura","5","0.3","0"
"340","VI","1959",1959-11-30,-66.03123,45.21391,"C",NA,"32","Cossura sp.","Cossura","2","2.0","0"
"341","V","1959",1959-11-30,-66.03305,45.22846,"C",NA,"32","Cossura sp.","Cossura","23","1.2","0"
"342","IX","1959",1959-12-02,-66.0423,45.26454,"B","3","32","Cossura sp.","Cossura","1","0","0"
"343","280.3","1959",1959-12-03,-66.18705,45.3332,"C","21","32","Cossura sp.","Cossura","1","0","0"
"344","K.M.","1959",1959-12-04,-66.13152,45.31109,"B","39","32","Cossura sp.","Cossura","12","0","0"
"345","V","1961",1961-10-26,-66.03305,45.22846,"C","11","32","Cossura sp.","Cossura","4","5.8","0"
"346","II","1959",1959-11-30,-66.05948,45.26274,"B","23","32","Cossura sp.","Cossura","218","20.0","0"
"347","VIII","1959",1959-11-30,-66.06133,45.23699,"C",NA,"32","Cossura sp.","Cossura","65","25.7","0"
"348","VII","1959",1959-12-02,-66.05597,45.24868,"A",NA,"33","Cirratulus sp.","Cirratulus","17","0","0"
"349","V","1961",1961-10-26,-66.03305,45.22846,"C","11","33","Cirratulus sp.","Cirratulus","7","0","0"
"350","IX","1961",1961-10-26,-66.0423,45.26454,"A","14","33","Cirratulus sp.","Cirratulus","1","0.3","0"
"351","III","1961",1961-10-26,-66.05489,45.25793,"A","16","33","Cirratulus sp.","Cirratulus","1","0.1","0"
"352","IV","1961",1961-10-26,-66.0436,45.24274,"B","12","33","Cirratulus sp.","Cirratulus","15","2.2","0"
"353","VI","1961",1961-10-26,-66.03123,45.21391,"B","16","33","Cirratulus sp.","Cirratulus","5","9.1","0"
"354","VIII","1959",1959-11-30,-66.06133,45.23699,"C",NA,"33","Cirratulus sp.","Cirratulus","45","0","0"
"355","VII","1959",1959-12-02,-66.05597,45.24868,"C",NA,"33","Cirratulus sp.","Cirratulus","5","0.7","0"
"356","VII","1961",1961-10-26,-66.05597,45.24868,"C","12","33","Cirratulus sp.","Cirratulus","8","2.3","0"
"357","VI","1959",1959-11-30,-66.03123,45.21391,"B",NA,"33","Cirratulus sp.","Cirratulus","8","2.2","0"
"358","VII","1961",1961-10-26,-66.05597,45.24868,"B","12","33","Cirratulus sp.","Cirratulus","9","2.3","0"
"359","VI","1961",1961-10-26,-66.03123,45.21391,"C","16","33","Cirratulus sp.","Cirratulus","3","1.0","0"
"360","VI","1959",1959-11-30,-66.03123,45.21391,"C",NA,"33","Cirratulus sp.","Cirratulus","3","0","0"
"361","VI","1961",1961-10-26,-66.03123,45.21391,"A","16","33","Cirratulus sp.","Cirratulus","2","0.3","0"
"362","IV","1961",1961-10-26,-66.0436,45.24274,"A","12","33","Cirratulus sp.","Cirratulus","4","2.7","0"
"363","VII","1961",1961-10-26,-66.05597,45.24868,"A","12","33","Cirratulus sp.","Cirratulus","14","4.2","0"
"364","280.3","1961",1961-10-24,-66.18705,45.3332,"A","21","33","Cirratulus sp.","Cirratulus","1","0","0"
"365","V","1959",1959-11-30,-66.03305,45.22846,"A",NA,"33","Cirratulus sp.","Cirratulus","3","0","0"
"366","VIII","1959",1959-11-30,-66.06133,45.23699,"A",NA,"34","Prionospio malmgreni","Prionospio malmgreni","2","0","0"
"367","VII","1959",1959-12-02,-66.05597,45.24868,"A",NA,"34","Prionospio malmgreni","Prionospio malmgreni","4","0","0"
"368","K.M.","1961",1961-10-24,-66.13152,45.31109,"C","25","34","Prionospio malmgreni","Prionospio malmgreni","1","0","0"
"369","V","1959",1959-11-30,-66.03305,45.22846,"A",NA,"34","Prionospio malmgreni","Prionospio malmgreni","1","0","0"
"370","VI","1959",1959-11-30,-66.03123,45.21391,"C",NA,"34","Prionospio malmgreni","Prionospio malmgreni","1","0","0"
"371","VII","1961",1961-10-26,-66.05597,45.24868,"B","12","34","Prionospio malmgreni","Prionospio malmgreni","2","0","0"
"372","VII","1959",1959-12-02,-66.05597,45.24868,"C",NA,"34","Prionospio malmgreni","Prionospio malmgreni","1","6.7","0"
"373","VII","1959",1959-12-02,-66.05597,45.24868,"B",NA,"34","Prionospio malmgreni","Prionospio malmgreni","1","0","0"
"374","280.3","1961",1961-10-24,-66.18705,45.3332,"C","21","35","Scoleleprides viridis",NA,"5","5.5","0"
"375","280.3","1959",1959-12-03,-66.18705,45.3332,"A","20","35","Scoleleprides viridis",NA,"40","49.0","0"
"376","VI","1961",1961-10-26,-66.03123,45.21391,"C","16","35","Scoleleprides viridis",NA,"1","15.3","0"
"377","280.3","1959",1959-12-03,-66.18705,45.3332,"B","21","35","Scoleleprides viridis",NA,"16","21.8","0"
"378","284.8","1959",1959-11-30,-66.12635,45.28522,"B","22","35","Scoleleprides viridis",NA,"7","11.0","0"
"379","K.M.","1959",1959-12-04,-66.13152,45.31109,"B","39","35","Scoleleprides viridis",NA,"10","26.0","0"
"380","287.7","1961",1961-10-24,-66.09453,45.26712,"C","37","35","Scoleleprides viridis",NA,"2","1.0","0"
"381","VII","1959",1959-12-02,-66.05597,45.24868,"B",NA,"35","Scoleleprides viridis",NA,"2","0","0"
"382","284.8","1961",1961-10-24,-66.12635,45.28522,"A","50","35","Scoleleprides viridis",NA,"1","2.9","0"
"383","IX","1959",1959-12-02,-66.0423,45.26454,"B","3","35","Scoleleprides viridis",NA,"15","0.9","0"
"384","IX","1961",1961-10-26,-66.0423,45.26454,"B","14","35","Scoleleprides viridis",NA,"1","0.9","0"
"385","IX","1959",1959-12-02,-66.0423,45.26454,"C","3","35","Scoleleprides viridis",NA,"2","0","0"
"386","287.7","1959",1959-12-03,-66.09453,45.26712,"C","49","35","Scoleleprides viridis",NA,"2","0","0"
"387","280.3","1961",1961-10-24,-66.18705,45.3332,"B","21","35","Scoleleprides viridis",NA,"4","2.2","0"
"388","284.8","1959",1959-11-30,-66.12635,45.28522,"A","22","35","Scoleleprides viridis",NA,"5","10.1","0"
"389","X","1961",1961-10-26,-66.04366,45.25478,"B","8","35","Scoleleprides viridis",NA,"1","0.4","0"
"390","III","1961",1961-10-26,-66.05489,45.25793,"B","16","35","Scoleleprides viridis",NA,"2","0.4","0"
"391","VI","1961",1961-10-26,-66.03123,45.21391,"B","16","35","Scoleleprides viridis",NA,"1","3.0","0"
"392","IX","1959",1959-12-02,-66.0423,45.26454,"A","3","35","Scoleleprides viridis",NA,"2","0","0"
"393","VII","1961",1961-10-26,-66.05597,45.24868,"B","12","36","Streblospio benedicti","Streblospio benedicti","1","0.8","0"
"394","280.3","1959",1959-12-03,-66.18705,45.3332,"C","21","36","Streblospio benedicti","Streblospio benedicti","16","2.5","0"
"395","280.3","1961",1961-10-24,-66.18705,45.3332,"C","21","36","Streblospio benedicti","Streblospio benedicti","55","4.4","0"
"396","280.3","1959",1959-12-03,-66.18705,45.3332,"A","20","36","Streblospio benedicti","Streblospio benedicti","19","0","0"
"397","VII","1959",1959-12-02,-66.05597,45.24868,"A",NA,"36","Streblospio benedicti","Streblospio benedicti","9","0","0"
"398","VII","1959",1959-12-02,-66.05597,45.24868,"C",NA,"36","Streblospio benedicti","Streblospio benedicti","2","0","0"
"399","IX","1959",1959-12-02,-66.0423,45.26454,"C","3","36","Streblospio benedicti","Streblospio benedicti","145","9.2","0"
"400","IX","1961",1961-10-26,-66.0423,45.26454,"A","14","36","Streblospio benedicti","Streblospio benedicti","1","0","0"
"401","284.8","1961",1961-10-24,-66.12635,45.28522,"A","50","36","Streblospio benedicti","Streblospio benedicti","76","19.0","0"
"402","280.3","1961",1961-10-24,-66.18705,45.3332,"A","21","36","Streblospio benedicti","Streblospio benedicti","66","6.2","0"
"403","280.3","1959",1959-12-03,-66.18705,45.3332,"B","21","36","Streblospio benedicti","Streblospio benedicti","52","10.5","0"
"404","IX","1959",1959-12-02,-66.0423,45.26454,"A","3","36","Streblospio benedicti","Streblospio benedicti","150","6.0","0"
"405","280.3","1961",1961-10-24,-66.18705,45.3332,"B","21","36","Streblospio benedicti","Streblospio benedicti","15","0.9","0"
"406","284.8","1961",1961-10-24,-66.12635,45.28522,"C","24","36","Streblospio benedicti","Streblospio benedicti","2","0.3","0"
"407","IX","1959",1959-12-02,-66.0423,45.26454,"B","3","36","Streblospio benedicti","Streblospio benedicti","270","19.0","0"
"408","284.8","1959",1959-11-30,-66.12635,45.28522,"B","22","36","Streblospio benedicti","Streblospio benedicti","2","17.9","0"
"409","X","1961",1961-10-26,-66.04366,45.25478,"A","8","37","Polydora sp.","Polydora","264","13.4","0"
"410","IX","1959",1959-12-02,-66.0423,45.26454,"B","3","37","Polydora sp.","Polydora","1640","50.7","0"
"411","IV","1961",1961-10-26,-66.0436,45.24274,"B","12","37","Polydora sp.","Polydora","28","4.2","0"
"412","VII","1959",1959-12-02,-66.05597,45.24868,"B",NA,"37","Polydora sp.","Polydora","3","0","0"
"413","II","1959",1959-11-30,-66.05948,45.26274,"C","23","37","Polydora sp.","Polydora","1","0","0"
"414","III","1961",1961-10-26,-66.05489,45.25793,"C","16","37","Polydora sp.","Polydora","520","60.8","0"
"415","IX","1961",1961-10-26,-66.0423,45.26454,"A","14","37","Polydora sp.","Polydora","27","4.1","0"
"416","I","1959",1959-12-01,-66.06963,45.26968,"A","21","37","Polydora sp.","Polydora","104","2.8","0"
"417","287.7","1959",1959-12-03,-66.09453,45.26712,"C","49","37","Polydora sp.","Polydora","4","15.1","0"
"418","III","1961",1961-10-26,-66.05489,45.25793,"A","16","37","Polydora sp.","Polydora","730","77.9","0"
"419","IX","1961",1961-10-26,-66.0423,45.26454,"B","14","37","Polydora sp.","Polydora","185","34.0","0"
"420","II","1961",1961-10-25,-66.05948,45.26274,"C","22","37","Polydora sp.","Polydora","159","26.7","0"
"421","284.8","1961",1961-10-24,-66.12635,45.28522,"A","50","37","Polydora sp.","Polydora","1","0.3","0"
"422","XI","1959",1959-12-01,-66.03099,45.25134,"C","9","37","Polydora sp.","Polydora","6","1.8","0"
"423","287.7","1961",1961-10-24,-66.09453,45.26712,"C","37","37","Polydora sp.","Polydora","1","0","0"
"424","280.3","1961",1961-10-24,-66.18705,45.3332,"A","21","37","Polydora sp.","Polydora","2","0.9","0"
"425","280.3","1961",1961-10-24,-66.18705,45.3332,"C","21","37","Polydora sp.","Polydora","1","0.1","0"
"426","VII","1959",1959-12-02,-66.05597,45.24868,"A",NA,"37","Polydora sp.","Polydora","1","0.6","0"
"427","IV","1961",1961-10-26,-66.0436,45.24274,"A","12","37","Polydora sp.","Polydora","3","0","0"
"428","IV","1959",1959-12-01,-66.0436,45.24274,"A","18","37","Polydora sp.","Polydora","2","9.5","0"
"429","III","1961",1961-10-26,-66.05489,45.25793,"B","16","37","Polydora sp.","Polydora","1100","165.4","0"
"430","X","1959",1959-12-01,-66.04366,45.25478,"B","7","37","Polydora sp.","Polydora","26","4.6","0"
"431","IX","1959",1959-12-02,-66.0423,45.26454,"C","3","37","Polydora sp.","Polydora","375","14.6","0"
"432","X","1961",1961-10-26,-66.04366,45.25478,"B","8","37","Polydora sp.","Polydora","80","17.7","0"
"433","II","1961",1961-10-25,-66.05948,45.26274,"B",NA,"37","Polydora sp.","Polydora","2","0.9","0"
"434","VII","1961",1961-10-26,-66.05597,45.24868,"B","12","37","Polydora sp.","Polydora","1","0","0"
"435","K.M.","1961",1961-10-24,-66.13152,45.31109,"C","25","37","Polydora sp.","Polydora","2","0.4","0"
"436","IX","1959",1959-12-02,-66.0423,45.26454,"A","3","37","Polydora sp.","Polydora","705","41.9","0"
"437","IX","1961",1961-10-26,-66.0423,45.26454,"C","14","37","Polydora sp.","Polydora","18","1.9","0"
"438","IV","1961",1961-10-26,-66.0436,45.24274,"A","12","38","Glycera dibranchiata","Glycera dibranchiata","3","5.9","0"
"439","VII","1959",1959-12-02,-66.05597,45.24868,"C",NA,"38","Glycera dibranchiata","Glycera dibranchiata","1","0.4","0"
"440","V","1959",1959-11-30,-66.03305,45.22846,"A",NA,"38","Glycera dibranchiata","Glycera dibranchiata","0","5.4","0"
"441","III","1961",1961-10-26,-66.05489,45.25793,"C","16","38","Glycera dibranchiata","Glycera dibranchiata","2","74.2","0"
"442","VIII","1961",1961-10-26,-66.06133,45.23699,"C","10","38","Glycera dibranchiata","Glycera dibranchiata","2","0.3","0"
"443","X","1959",1959-12-01,-66.04366,45.25478,"B","7","38","Glycera dibranchiata","Glycera dibranchiata","1","3.5","0"
"444","X","1961",1961-10-26,-66.04366,45.25478,"B","8","39","species",NA,"1","0.4","0"
"445","III","1961",1961-10-26,-66.05489,45.25793,"A","16","39","species",NA,"2","1.5","0"
"446","X","1961",1961-10-26,-66.04366,45.25478,"A","8","39","species",NA,"1","0.1","0"
"447","III","1961",1961-10-26,-66.05489,45.25793,"C","16","39","species",NA,"4","6.4","0"
"448","III","1961",1961-10-26,-66.05489,45.25793,"B","16","39","species",NA,"1","0","0"
"449","K.M.","1959",1959-12-04,-66.13152,45.31109,"C","38","4",NA,"Polychaeta","1","0.6","0"
"450","I","1959",1959-12-01,-66.06963,45.26968,"B","44","4",NA,"Polychaeta","1","0.5","0"
"451","284.8","1959",1959-11-30,-66.12635,45.28522,"C","22","4",NA,"Polychaeta","1","99.1","0"
"452","VIII","1961",1961-10-26,-66.06133,45.23699,"B","10","4",NA,"Polychaeta","1","2.9","0"
"453","K.M.","1959",1959-12-04,-66.13152,45.31109,"B","39","4",NA,"Polychaeta","1","12.0","0"
"454","VI","1961",1961-10-26,-66.03123,45.21391,"B","16","4",NA,"Polychaeta","0","4.4","0"
"455","K.M.","1961",1961-10-24,-66.13152,45.31109,"C","25","4",NA,"Polychaeta","71","82.0","0"
"456","VII","1959",1959-12-02,-66.05597,45.24868,"B",NA,"40","Gammarus oceanicus","Gammarus oceanicus","1","21.5","0"
"457","VI","1961",1961-10-26,-66.03123,45.21391,"A","16","40","Gammarus oceanicus","Gammarus oceanicus","1","0.2","0"
"458","II","1961",1961-10-25,-66.05948,45.26274,"A","26","40","Gammarus oceanicus","Gammarus oceanicus","1","0.2","0"
"459","III","1959",1959-12-02,-66.05489,45.25793,"C","28","40","Gammarus oceanicus","Gammarus oceanicus","7","7.1","0"
"460","284.8","1961",1961-10-24,-66.12635,45.28522,"A","50","40","Gammarus oceanicus","Gammarus oceanicus","7","1.3","0"
"461","287.7","1959",1959-12-03,-66.09453,45.26712,"A","49","40","Gammarus oceanicus","Gammarus oceanicus","4","0.9","0"
"462","287.7","1961",1961-10-24,-66.09453,45.26712,"A","37","40","Gammarus oceanicus","Gammarus oceanicus","45","48.2","0"
"463","287.7","1961",1961-10-24,-66.09453,45.26712,"C","37","40","Gammarus oceanicus","Gammarus oceanicus","98","13.7","0"
"464","284.8","1961",1961-10-24,-66.12635,45.28522,"B","40","40","Gammarus oceanicus","Gammarus oceanicus","3","0","0"
"465","I","1959",1959-12-01,-66.06963,45.26968,"B","44","40","Gammarus oceanicus","Gammarus oceanicus","6","7.3","0"
"466","I","1959",1959-12-01,-66.06963,45.26968,"A","21","40","Gammarus oceanicus","Gammarus oceanicus","44","9.0","0"
"467","I","1961",1961-10-24,-66.06963,45.26968,"C","45","40","Gammarus oceanicus","Gammarus oceanicus","1570","1940.5","0"
"468","I","1961",1961-10-24,-66.06963,45.26968,"B","49","40","Gammarus oceanicus","Gammarus oceanicus","1161","1424.8","0"
"469","IV","1959",1959-12-01,-66.0436,45.24274,"A","18","40","Gammarus oceanicus","Gammarus oceanicus","1","3.9","0"
"470","VI","1961",1961-10-26,-66.03123,45.21391,"C","16","40","Gammarus oceanicus","Gammarus oceanicus","1","0","0"
"471","II","1961",1961-10-25,-66.05948,45.26274,"B",NA,"40","Gammarus oceanicus","Gammarus oceanicus","15","11.1","0"
"472","II","1961",1961-10-25,-66.05948,45.26274,"C","22","40","Gammarus oceanicus","Gammarus oceanicus","582","1264.2","0"
"473","I","1959",1959-12-01,-66.06963,45.26968,"C","54","40","Gammarus oceanicus","Gammarus oceanicus","28","42.7","0"
"474","III","1959",1959-12-02,-66.05489,45.25793,"A","28","40","Gammarus oceanicus","Gammarus oceanicus","12","20.4","0"
"475","280.3","1959",1959-12-03,-66.18705,45.3332,"C","21","40","Gammarus oceanicus","Gammarus oceanicus","1","2.4","0"
"476","VII","1959",1959-12-02,-66.05597,45.24868,"C",NA,"40","Gammarus oceanicus","Gammarus oceanicus","1","0","0"
"477","287.7","1959",1959-12-03,-66.09453,45.26712,"B","49","40","Gammarus oceanicus","Gammarus oceanicus","6","8.7","0"
"478","I","1961",1961-10-24,-66.06963,45.26968,"A","43","40","Gammarus oceanicus","Gammarus oceanicus","268","218.8","0"
"479","284.8","1961",1961-10-24,-66.12635,45.28522,"C","24","40","Gammarus oceanicus","Gammarus oceanicus","4","0.7","0"
"480","IX","1961",1961-10-26,-66.0423,45.26454,"B","14","40","Gammarus oceanicus","Gammarus oceanicus","1","0","0"
"481","V","1959",1959-11-30,-66.03305,45.22846,"B",NA,"40","Gammarus oceanicus","Gammarus oceanicus","1","0","0"
"482","284.8","1959",1959-11-30,-66.12635,45.28522,"B","22","40","Gammarus oceanicus","Gammarus oceanicus","5","0.2","0"
"483","II","1959",1959-11-30,-66.05948,45.26274,"A","23","40","Gammarus oceanicus","Gammarus oceanicus","75","228.7","0"
"484","II","1959",1959-11-30,-66.05948,45.26274,"C","23","40","Gammarus oceanicus","Gammarus oceanicus","216","240.7","0"
"485","284.8","1959",1959-11-30,-66.12635,45.28522,"A","22","40","Gammarus oceanicus","Gammarus oceanicus","1","0","0"
"486","II","1959",1959-11-30,-66.05948,45.26274,"B","23","40","Gammarus oceanicus","Gammarus oceanicus","55","76.3","0"
"487","VIII","1959",1959-11-30,-66.06133,45.23699,"C",NA,"40","Gammarus oceanicus","Gammarus oceanicus","1","0","0"
"488","XI","1959",1959-12-01,-66.03099,45.25134,"B","9","40","Gammarus oceanicus","Gammarus oceanicus","2","0.2","0"
"489","III","1959",1959-12-02,-66.05489,45.25793,"B","28","40","Gammarus oceanicus","Gammarus oceanicus","20","29.7","0"
"490","VI","1961",1961-10-26,-66.03123,45.21391,"B","16","40","Gammarus oceanicus","Gammarus oceanicus","3","0","0"
"491","V","1959",1959-11-30,-66.03305,45.22846,"A",NA,"41","Species 1","Ampeliscidae","1","0.4","0"
"492","VIII","1959",1959-11-30,-66.06133,45.23699,"A",NA,"41","Species 1","Ampeliscidae","4","0","0"
"493","VII","1961",1961-10-26,-66.05597,45.24868,"B","12","41","Species 1","Ampeliscidae","1","1.8","0"
"494","VI","1959",1959-11-30,-66.03123,45.21391,"C",NA,"41","Species 1","Ampeliscidae","9","7.3","0"
"495","VIII","1961",1961-10-26,-66.06133,45.23699,"C","10","41","Species 1","Ampeliscidae","1","1.5","0"
"496","VIII","1961",1961-10-26,-66.06133,45.23699,"B","10","41","Species 1","Ampeliscidae","1","1.2","0"
"497","VI","1961",1961-10-26,-66.03123,45.21391,"B","16","41","Species 1","Ampeliscidae","9","4.4","0"
"498","VI","1959",1959-11-30,-66.03123,45.21391,"B",NA,"41","Species 1","Ampeliscidae","28","11.0","0"
"499","VI","1961",1961-10-26,-66.03123,45.21391,"C","16","41","Species 1","Ampeliscidae","2","1.9","0"
"500","VI","1959",1959-11-30,-66.03123,45.21391,"A",NA,"41","Species 1","Ampeliscidae","151","55.4","0"
"501","VI","1961",1961-10-26,-66.03123,45.21391,"A","16","41","Species 1","Ampeliscidae","4","2.4","0"
"502","VI","1961",1961-10-26,-66.03123,45.21391,"C","16","42","Species 2","Ampeliscidae","1","0","0"
"503","VI","1959",1959-11-30,-66.03123,45.21391,"A",NA,"42","Species 2","Ampeliscidae","4","0.6","0"
"504","VI","1961",1961-10-26,-66.03123,45.21391,"C","16","43","Leptocheirus sp.","Leptocheirus","10","18.7","0"
"505","VI","1959",1959-11-30,-66.03123,45.21391,"B",NA,"43","Leptocheirus sp.","Leptocheirus","4","0","0"
"506","VI","1959",1959-11-30,-66.03123,45.21391,"A",NA,"43","Leptocheirus sp.","Leptocheirus","74","129.3","0"
"507","VI","1961",1961-10-26,-66.03123,45.21391,"B","16","43","Leptocheirus sp.","Leptocheirus","4","5.1","0"
"508","VI","1959",1959-11-30,-66.03123,45.21391,"C",NA,"43","Leptocheirus sp.","Leptocheirus","1","0","0"
"509","VII","1959",1959-12-02,-66.05597,45.24868,"C",NA,"43","Leptocheirus sp.","Leptocheirus","1","0","0"
"510","V","1961",1961-10-26,-66.03305,45.22846,"A","11","43","Leptocheirus sp.","Leptocheirus","3","8.2","0"
"511","287.7","1959",1959-12-03,-66.09453,45.26712,"A","49","44","Unicola sp.","Unciola","1","0.1","0"
"512","287.7","1959",1959-12-03,-66.09453,45.26712,"C","49","44","Unicola sp.","Unciola","4","0.4","0"
"513","II","1959",1959-11-30,-66.05948,45.26274,"B","23","44","Unicola sp.","Unciola","1","0.9","0"
"514","VI","1959",1959-11-30,-66.03123,45.21391,"C",NA,"44","Unicola sp.","Unciola","1","0","0"
"515","IV","1961",1961-10-26,-66.0436,45.24274,"B","12","44","Unicola sp.","Unciola","3","0","0"
"516","X","1959",1959-12-01,-66.04366,45.25478,"A","7","44","Unicola sp.","Unciola","1","0","0"
"517","VI","1959",1959-11-30,-66.03123,45.21391,"A",NA,"44","Unicola sp.","Unciola","33","6.4","0"
"518","IX","1959",1959-12-02,-66.0423,45.26454,"A","3","44","Unicola sp.","Unciola","3","0","0"
"519","IX","1959",1959-12-02,-66.0423,45.26454,"C","3","44","Unicola sp.","Unciola","10","1.0","0"
"520","287.7","1959",1959-12-03,-66.09453,45.26712,"B","49","44","Unicola sp.","Unciola","4","0","0"
"521","V","1959",1959-11-30,-66.03305,45.22846,"B",NA,"44","Unicola sp.","Unciola","1","0","0"
"522","IX","1959",1959-12-02,-66.0423,45.26454,"B","3","44","Unicola sp.","Unciola","2","0","0"
"523","VI","1961",1961-10-26,-66.03123,45.21391,"B","16","44","Unicola sp.","Unciola","4","0","0"
"524","II","1959",1959-11-30,-66.05948,45.26274,"A","23","44","Unicola sp.","Unciola","1","0","0"
"525","VII","1959",1959-12-02,-66.05597,45.24868,"A",NA,"44","Unicola sp.","Unciola","1","0","0"
"526","VI","1959",1959-11-30,-66.03123,45.21391,"B",NA,"44","Unicola sp.","Unciola","4","0","0"
"527","XI","1959",1959-12-01,-66.03099,45.25134,"C","9","45","species","Phoxocephalidae","2","0.2","0"
"528","VI","1961",1961-10-26,-66.03123,45.21391,"A","16","45","species","Phoxocephalidae","1","0","0"
"529","V","1961",1961-10-26,-66.03305,45.22846,"A","11","45","species","Phoxocephalidae","1","0","0"
"530","XI","1959",1959-12-01,-66.03099,45.25134,"A","9","45","species","Phoxocephalidae","2","0.2","0"
"531","VI","1961",1961-10-26,-66.03123,45.21391,"C","16","45","species","Phoxocephalidae","2","0.2","0"
"532","VI","1961",1961-10-26,-66.03123,45.21391,"B","16","45","species","Phoxocephalidae","4","0.3","0"
"533","X","1959",1959-12-01,-66.04366,45.25478,"C","7","45","species","Phoxocephalidae","1","0","0"
"534","XI","1959",1959-12-01,-66.03099,45.25134,"B","9","45","species","Phoxocephalidae","1","0.1","0"
"535","X","1959",1959-12-01,-66.04366,45.25478,"A","7","45","species","Phoxocephalidae","2","0.2","0"
"536","VI","1959",1959-11-30,-66.03123,45.21391,"A",NA,"45","species","Phoxocephalidae","2","0.2","0"
"537","V","1959",1959-11-30,-66.03305,45.22846,"C",NA,"46","Hippomedon sp.","Hippomedon","3","2.2","0"
"538","K.M.","1959",1959-12-04,-66.13152,45.31109,"C","38","47","species","Caprellidae","1","0.3","0"
"539","K.M.","1959",1959-12-04,-66.13152,45.31109,"B","39","47","species","Caprellidae","3","21.3","0"
"540","280.3","1961",1961-10-24,-66.18705,45.3332,"A","21","48","Cyathura polita (?)","Cyathura polita","4","3.5","0"
"541","280.3","1959",1959-12-03,-66.18705,45.3332,"B","21","48","Cyathura polita (?)","Cyathura polita","1","0.4","0"
"542","280.3","1961",1961-10-24,-66.18705,45.3332,"C","21","48","Cyathura polita (?)","Cyathura polita","1","0.2","0"
"543","280.3","1959",1959-12-03,-66.18705,45.3332,"C","21","48","Cyathura polita (?)","Cyathura polita","2","0.8","0"
"544","280.3","1959",1959-12-03,-66.18705,45.3332,"A","20","48","Cyathura polita (?)","Cyathura polita","1","0","0"
"545","III","1961",1961-10-26,-66.05489,45.25793,"A","16","49","Edotea triloba",NA,"78","15.2","0"
"546","XI","1959",1959-12-01,-66.03099,45.25134,"C","9","49","Edotea triloba",NA,"2","0.6","0"
"547","X","1959",1959-12-01,-66.04366,45.25478,"B","7","49","Edotea triloba",NA,"3","1.1","0"
"548","III","1961",1961-10-26,-66.05489,45.25793,"C","16","49","Edotea triloba",NA,"96","12.6","0"
"549","VII","1959",1959-12-02,-66.05597,45.24868,"A",NA,"49","Edotea triloba",NA,"2","0.3","0"
"550","VIII","1959",1959-11-30,-66.06133,45.23699,"B",NA,"49","Edotea triloba",NA,"3","0","0"
"551","X","1959",1959-12-01,-66.04366,45.25478,"A","7","49","Edotea triloba",NA,"2","0.3","0"
"552","VII","1961",1961-10-26,-66.05597,45.24868,"B","12","49","Edotea triloba",NA,"4","1.3","0"
"553","VI","1959",1959-11-30,-66.03123,45.21391,"C",NA,"49","Edotea triloba",NA,"2","0","0"
"554","II","1959",1959-11-30,-66.05948,45.26274,"C","23","49","Edotea triloba",NA,"12","79.9","0"
"555","X","1959",1959-12-01,-66.04366,45.25478,"C","7","49","Edotea triloba",NA,"1","0.4","0"
"556","IX","1959",1959-12-02,-66.0423,45.26454,"C","3","49","Edotea triloba",NA,"5","1.0","0"
"557","IX","1959",1959-12-02,-66.0423,45.26454,"B","3","49","Edotea triloba",NA,"14","3.7","0"
"558","VIII","1959",1959-11-30,-66.06133,45.23699,"A",NA,"49","Edotea triloba",NA,"12","4.2","0"
"559","I","1959",1959-12-01,-66.06963,45.26968,"A","21","49","Edotea triloba",NA,"4","0.2","0"
"560","VI","1959",1959-11-30,-66.03123,45.21391,"A",NA,"49","Edotea triloba",NA,"1","0","0"
"561","X","1961",1961-10-26,-66.04366,45.25478,"A","8","49","Edotea triloba",NA,"10","4.0","0"
"562","III","1961",1961-10-26,-66.05489,45.25793,"B","16","49","Edotea triloba",NA,"122","17.6","0"
"563","VII","1961",1961-10-26,-66.05597,45.24868,"C","12","49","Edotea triloba",NA,"6","0.2","0"
"564","284.8","1961",1961-10-24,-66.12635,45.28522,"B","40","49","Edotea triloba",NA,"1","1.1","0"
"565","VI","1959",1959-11-30,-66.03123,45.21391,"B",NA,"49","Edotea triloba",NA,"4","0","0"
"566","IX","1959",1959-12-02,-66.0423,45.26454,"A","3","49","Edotea triloba",NA,"5","1.0","0"
"567","II","1959",1959-11-30,-66.05948,45.26274,"B","23","49","Edotea triloba",NA,"13","4.7","0"
"568","IX","1961",1961-10-26,-66.0423,45.26454,"C","14","49","Edotea triloba",NA,"3","0.2","0"
"569","II","1961",1961-10-25,-66.05948,45.26274,"A","26","49","Edotea triloba",NA,"20","2.2","0"
"570","VII","1959",1959-12-02,-66.05597,45.24868,"B",NA,"49","Edotea triloba",NA,"10","1.9","0"
"571","IV","1961",1961-10-26,-66.0436,45.24274,"B","12","49","Edotea triloba",NA,"1","0.8","0"
"572","VI","1961",1961-10-26,-66.03123,45.21391,"B","16","49","Edotea triloba",NA,"1","0.5","0"
"573","VI","1961",1961-10-26,-66.03123,45.21391,"A","16","49","Edotea triloba",NA,"1","0.4","0"
"574","284.8","1961",1961-10-24,-66.12635,45.28522,"A","50","49","Edotea triloba",NA,"9","2.1","0"
"575","284.8","1961",1961-10-24,-66.12635,45.28522,"C","24","49","Edotea triloba",NA,"2","0","0"
"576","VII","1961",1961-10-26,-66.05597,45.24868,"A","12","49","Edotea triloba",NA,"6","0.4","0"
"577","X","1961",1961-10-26,-66.04366,45.25478,"B","8","49","Edotea triloba",NA,"3","0","0"
"578","IX","1961",1961-10-26,-66.0423,45.26454,"B","14","49","Edotea triloba",NA,"1","0.2","0"
"579","VIII","1959",1959-11-30,-66.06133,45.23699,"C",NA,"49","Edotea triloba",NA,"9","0","0"
"580","VII","1959",1959-12-02,-66.05597,45.24868,"C",NA,"49","Edotea triloba",NA,"1","0.2","0"
"581","280.3","1961",1961-10-24,-66.18705,45.3332,"C","21","5","Phyllodoce arenae","Phyllodoce arenae","4","0.5","0"
"582","280.3","1961",1961-10-24,-66.18705,45.3332,"A","21","5","Phyllodoce arenae","Phyllodoce arenae","4","0.5","0"
"583","VII","1959",1959-12-02,-66.05597,45.24868,"A",NA,"5","Phyllodoce arenae","Phyllodoce arenae","1","0","0"
"584","V","1961",1961-10-26,-66.03305,45.22846,"C","11","5","Phyllodoce arenae","Phyllodoce arenae","1","0.3","0"
"585","V","1959",1959-11-30,-66.03305,45.22846,"C",NA,"5","Phyllodoce arenae","Phyllodoce arenae","3","0.2","0"
"586","X","1959",1959-12-01,-66.04366,45.25478,"C","7","5","Phyllodoce arenae","Phyllodoce arenae","5","5.3","0"
"587","284.8","1961",1961-10-24,-66.12635,45.28522,"C","24","5","Phyllodoce arenae","Phyllodoce arenae","2","0.2","0"
"588","IX","1959",1959-12-02,-66.0423,45.26454,"A","3","5","Phyllodoce arenae","Phyllodoce arenae","1","0","0"
"589","IV","1961",1961-10-26,-66.0436,45.24274,"B","12","5","Phyllodoce arenae","Phyllodoce arenae","2","0.5","0"
"590","II","1961",1961-10-25,-66.05948,45.26274,"A","26","5","Phyllodoce arenae","Phyllodoce arenae","1","0","0"
"591","VIII","1959",1959-11-30,-66.06133,45.23699,"C",NA,"5","Phyllodoce arenae","Phyllodoce arenae","1","0","0"
"592","K.M.","1959",1959-12-04,-66.13152,45.31109,"C","38","5","Phyllodoce arenae","Phyllodoce arenae","13","5.7","0"
"593","VIII","1959",1959-11-30,-66.06133,45.23699,"A",NA,"5","Phyllodoce arenae","Phyllodoce arenae","2","0","0"
"594","IX","1959",1959-12-02,-66.0423,45.26454,"B","3","5","Phyllodoce arenae","Phyllodoce arenae","1","0","0"
"595","III","1961",1961-10-26,-66.05489,45.25793,"A","16","5","Phyllodoce arenae","Phyllodoce arenae","2","6.3","0"
"596","280.3","1961",1961-10-24,-66.18705,45.3332,"B","21","5","Phyllodoce arenae","Phyllodoce arenae","2","0.5","0"
"597","III","1961",1961-10-26,-66.05489,45.25793,"B","16","5","Phyllodoce arenae","Phyllodoce arenae","2","0.5","0"
"598","II","1959",1959-11-30,-66.05948,45.26274,"B","23","5","Phyllodoce arenae","Phyllodoce arenae","1","11.1","0"
"599","X","1959",1959-12-01,-66.04366,45.25478,"B","7","5","Phyllodoce arenae","Phyllodoce arenae","8","1.7","0"
"600","XI","1959",1959-12-01,-66.03099,45.25134,"C","9","5","Phyllodoce arenae","Phyllodoce arenae","0","1.0","0"
"601","V","1959",1959-11-30,-66.03305,45.22846,"A",NA,"5","Phyllodoce arenae","Phyllodoce arenae","1","0","0"
"602","X","1961",1961-10-26,-66.04366,45.25478,"B","8","50","Chiridotea sp.","Chiridotea","6","1.2","0"
"603","III","1961",1961-10-26,-66.05489,45.25793,"A","16","50","Chiridotea sp.","Chiridotea","1","0","0"
"604","X","1961",1961-10-26,-66.04366,45.25478,"A","8","50","Chiridotea sp.","Chiridotea","4","0","0"
"605","XI","1961",1961-10-26,-66.03099,45.25134,"C","6","50","Chiridotea sp.","Chiridotea","2","1.3","0"
"606","287.7","1961",1961-10-24,-66.09453,45.26712,"C","37","51","Jaera marina","Jaera (Jaera) albifrons","3","0.1","0"
"607","287.7","1961",1961-10-24,-66.09453,45.26712,"A","37","51","Jaera marina","Jaera (Jaera) albifrons","4","0.2","0"
"608","VI","1959",1959-11-30,-66.03123,45.21391,"A",NA,"52","Diastylis bispinosus","Diastylis bispinosa","2","0.4","0"
"609","VI","1959",1959-11-30,-66.03123,45.21391,"B",NA,"52","Diastylis bispinosus","Diastylis bispinosa","4","3.6","0"
"610","VIII","1959",1959-11-30,-66.06133,45.23699,"C",NA,"52","Diastylis bispinosus","Diastylis bispinosa","1","2.7","0"
"611","VIII","1959",1959-11-30,-66.06133,45.23699,"B",NA,"52","Diastylis bispinosus","Diastylis bispinosa","1","0.4","0"
"612","VI","1959",1959-11-30,-66.03123,45.21391,"C",NA,"52","Diastylis bispinosus","Diastylis bispinosa","2","0.3","0"
"613","VIII","1959",1959-11-30,-66.06133,45.23699,"A",NA,"52","Diastylis bispinosus","Diastylis bispinosa","2","0","0"
"614","VI","1961",1961-10-26,-66.03123,45.21391,"A","16","53","Eudorella hispida","Eudorella hispida","1","0","0"
"615","XI","1959",1959-12-01,-66.03099,45.25134,"B","9","53","Eudorella hispida","Eudorella hispida","3","0.2","0"
"616","X","1961",1961-10-26,-66.04366,45.25478,"B","8","53","Eudorella hispida","Eudorella hispida","11","0","0"
"617","IV","1961",1961-10-26,-66.0436,45.24274,"B","12","53","Eudorella hispida","Eudorella hispida","1","0","0"
"618","V","1959",1959-11-30,-66.03305,45.22846,"B",NA,"53","Eudorella hispida","Eudorella hispida","1","0.1","0"
"619","XI","1961",1961-10-26,-66.03099,45.25134,"C","6","53","Eudorella hispida","Eudorella hispida","4","0","0"
"620","X","1961",1961-10-26,-66.04366,45.25478,"C","8","53","Eudorella hispida","Eudorella hispida","2","0.1","0"
"621","287.7","1959",1959-12-03,-66.09453,45.26712,"B","49","54","Michtheimysis stenolepis","Mysis stenolepis","20","8.3","0"
"622","K.M.","1959",1959-12-04,-66.13152,45.31109,"A","38","54","Michtheimysis stenolepis","Mysis stenolepis","1","3.7","0"
"623","V","1959",1959-11-30,-66.03305,45.22846,"A",NA,"54","Michtheimysis stenolepis","Mysis stenolepis","1","0.3","0"
"624","287.7","1959",1959-12-03,-66.09453,45.26712,"A","49","54","Michtheimysis stenolepis","Mysis stenolepis","4","0.2","0"
"625","X","1959",1959-12-01,-66.04366,45.25478,"C","7","54","Michtheimysis stenolepis","Mysis stenolepis","1","0","0"
"626","287.7","1959",1959-12-03,-66.09453,45.26712,"C","49","54","Michtheimysis stenolepis","Mysis stenolepis","2","6.7","0"
"627","287.7","1961",1961-10-24,-66.09453,45.26712,"A","37","54","Michtheimysis stenolepis","Mysis stenolepis","1","0.1","0"
"628","VIII","1959",1959-11-30,-66.06133,45.23699,"A",NA,"54","Michtheimysis stenolepis","Mysis stenolepis","2","0","0"
"629","284.8","1961",1961-10-24,-66.12635,45.28522,"C","24","55","Balanus sp.","Balanus","1","7.3","25"
"630","280.3","1961",1961-10-24,-66.18705,45.3332,"B","21","55","Balanus sp.","Balanus","0","0","1"
"631","287.7","1961",1961-10-24,-66.09453,45.26712,"A","37","55","Balanus sp.","Balanus","3","12.0","0"
"632","I","1959",1959-12-01,-66.06963,45.26968,"C","54","55","Balanus sp.","Balanus","14","5.4","0"
"633","280.3","1961",1961-10-24,-66.18705,45.3332,"A","21","55","Balanus sp.","Balanus","1","1.7","1"
"634","284.8","1961",1961-10-24,-66.12635,45.28522,"A","50","55","Balanus sp.","Balanus","3","27.4","10"
"635","VI","1961",1961-10-26,-66.03123,45.21391,"B","16","56","Terebratulina sp.","Terebratulina","5","2.0","0"
"636","VI","1959",1959-11-30,-66.03123,45.21391,"A",NA,"56","Terebratulina sp.","Terebratulina","4","2.8","0"
"637","VI","1961",1961-10-26,-66.03123,45.21391,"A","16","56","Terebratulina sp.","Terebratulina","2","1.7","0"
"638","V","1961",1961-10-26,-66.03305,45.22846,"B","11","56","Terebratulina sp.","Terebratulina","1","0.8","0"
"639","VI","1959",1959-11-30,-66.03123,45.21391,"C",NA,"56","Terebratulina sp.","Terebratulina","1","0.2","0"
"640","287.7","1959",1959-12-03,-66.09453,45.26712,"B","49","56","Terebratulina sp.","Terebratulina","2","0","0"
"641","XI","1959",1959-12-01,-66.03099,45.25134,"C","9","56","Terebratulina sp.","Terebratulina","1","0.7","0"
"642","VI","1961",1961-10-26,-66.03123,45.21391,"C","16","56","Terebratulina sp.","Terebratulina","1","2.2","0"
"643","IX","1961",1961-10-26,-66.0423,45.26454,"B","14","57","Unidentidied spp.","Gastropoda","0","0","4"
"644","X","1961",1961-10-26,-66.04366,45.25478,"A","8","57","Unidentidied spp.","Gastropoda","0","0","1"
"645","IX","1961",1961-10-26,-66.0423,45.26454,"A","14","57","Unidentidied spp.","Gastropoda","0","0","11"
"646","III","1961",1961-10-26,-66.05489,45.25793,"A","16","57","Unidentidied spp.","Gastropoda","0","0","2"
"647","VII","1959",1959-12-02,-66.05597,45.24868,"B",NA,"57","Unidentidied spp.","Gastropoda","2","4.6","0"
"648","III","1961",1961-10-26,-66.05489,45.25793,"B","16","57","Unidentidied spp.","Gastropoda","0","0","1"
"649","I","1961",1961-10-24,-66.06963,45.26968,"B","49","57","Unidentidied spp.","Gastropoda","0","0","1"
"650","II","1961",1961-10-25,-66.05948,45.26274,"A","26","57","Unidentidied spp.","Gastropoda","0","0","20"
"651","280.3","1961",1961-10-24,-66.18705,45.3332,"C","21","57","Unidentidied spp.","Gastropoda","0","0","1"
"652","287.7","1959",1959-12-03,-66.09453,45.26712,"C","49","57","Unidentidied spp.","Gastropoda","1","0.1","0"
"653","280.3","1961",1961-10-24,-66.18705,45.3332,"B","21","57","Unidentidied spp.","Gastropoda","0","0","3"
"654","287.7","1961",1961-10-24,-66.09453,45.26712,"C","37","57","Unidentidied spp.","Gastropoda","0","0","1"
"655","V","1961",1961-10-26,-66.03305,45.22846,"C","11","57","Unidentidied spp.","Gastropoda","0","0","1"
"656","II","1961",1961-10-25,-66.05948,45.26274,"C","22","57","Unidentidied spp.","Gastropoda","1","29.1","4"
"657","IX","1959",1959-12-02,-66.0423,45.26454,"A","3","57","Unidentidied spp.","Gastropoda","1","1.2","0"
"658","IV","1959",1959-12-01,-66.0436,45.24274,"A","18","57","Unidentidied spp.","Gastropoda","1","0","0"
"659","VII","1961",1961-10-26,-66.05597,45.24868,"B","12","57","Unidentidied spp.","Gastropoda","0","0","9"
"660","V","1959",1959-11-30,-66.03305,45.22846,"B",NA,"57","Unidentidied spp.","Gastropoda","1","0.1","0"
"661","IX","1959",1959-12-02,-66.0423,45.26454,"C","3","57","Unidentidied spp.","Gastropoda","1","1.2","0"
"662","284.8","1961",1961-10-24,-66.12635,45.28522,"C","24","57","Unidentidied spp.","Gastropoda","0","0","1"
"663","III","1959",1959-12-02,-66.05489,45.25793,"B","28","57","Unidentidied spp.","Gastropoda","1","3.1","0"
"664","VII","1961",1961-10-26,-66.05597,45.24868,"C","12","57","Unidentidied spp.","Gastropoda","0","0","6"
"665","III","1961",1961-10-26,-66.05489,45.25793,"C","16","57","Unidentidied spp.","Gastropoda","2","0","0"
"666","XI","1961",1961-10-26,-66.03099,45.25134,"C","6","57","Unidentidied spp.","Gastropoda","0","0","159"
"667","V","1959",1959-11-30,-66.03305,45.22846,"A",NA,"57","Unidentidied spp.","Gastropoda","1","0","0"
"668","IV","1961",1961-10-26,-66.0436,45.24274,"B","12","57","Unidentidied spp.","Gastropoda","0","0","2"
"669","IV","1961",1961-10-26,-66.0436,45.24274,"A","12","57","Unidentidied spp.","Gastropoda","0","0","1"
"670","VII","1961",1961-10-26,-66.05597,45.24868,"A","12","57","Unidentidied spp.","Gastropoda","0","0","2"
"671","VII","1961",1961-10-26,-66.05597,45.24868,"B","12","58","species","Bullidae","0","0","2"
"672","VII","1961",1961-10-26,-66.05597,45.24868,"A","12","58","species","Bullidae","0","0","2"
"673","VIII","1959",1959-11-30,-66.06133,45.23699,"A",NA,"58","species","Bullidae","2","0.4","0"
"674","V","1959",1959-11-30,-66.03305,45.22846,"C",NA,"58","species","Bullidae","3","0.3","0"
"675","V","1961",1961-10-26,-66.03305,45.22846,"C","11","58","species","Bullidae","0","0","43"
"676","VI","1961",1961-10-26,-66.03123,45.21391,"B","16","58","species","Bullidae","0","0","4"
"677","VI","1959",1959-11-30,-66.03123,45.21391,"B",NA,"58","species","Bullidae","4","0.8","0"
"678","V","1959",1959-11-30,-66.03305,45.22846,"A",NA,"58","species","Bullidae","2","0.1","0"
"679","VIII","1961",1961-10-26,-66.06133,45.23699,"B","10","58","species","Bullidae","0","0","3"
"680","VII","1959",1959-12-02,-66.05597,45.24868,"B",NA,"58","species","Bullidae","2","0.3","0"
"681","V","1961",1961-10-26,-66.03305,45.22846,"B","11","59","Unidentified spp.","Bivalvia","0","0","1"
"682","IV","1959",1959-12-01,-66.0436,45.24274,"A","18","59","Unidentified spp.","Bivalvia","2","5.3","0"
"683","VI","1961",1961-10-26,-66.03123,45.21391,"A","16","59","Unidentified spp.","Bivalvia","1","1.6","1"
"684","VI","1961",1961-10-26,-66.03123,45.21391,"C","16","59","Unidentified spp.","Bivalvia","4","4.9","0"
"685","VIII","1961",1961-10-26,-66.06133,45.23699,"B","10","59","Unidentified spp.","Bivalvia","2","1.4","0"
"686","VIII","1961",1961-10-26,-66.06133,45.23699,"C","10","59","Unidentified spp.","Bivalvia","1","0.3","0"
"687","VI","1961",1961-10-26,-66.03123,45.21391,"B","16","59","Unidentified spp.","Bivalvia","8","51.1","0"
"688","V","1961",1961-10-26,-66.03305,45.22846,"C","11","59","Unidentified spp.","Bivalvia","0","0","3"
"689","IV","1961",1961-10-26,-66.0436,45.24274,"B","12","6","Eteone longa","Eteone longa","1","0","0"
"690","VIII","1959",1959-11-30,-66.06133,45.23699,"B",NA,"6","Eteone longa","Eteone longa","2","0","0"
"691","VIII","1961",1961-10-26,-66.06133,45.23699,"C","10","6","Eteone longa","Eteone longa","3","1.3","0"
"692","VII","1959",1959-12-02,-66.05597,45.24868,"A",NA,"6","Eteone longa","Eteone longa","13","2.3","0"
"693","VII","1959",1959-12-02,-66.05597,45.24868,"C",NA,"6","Eteone longa","Eteone longa","6","0","0"
"694","VIII","1961",1961-10-26,-66.06133,45.23699,"B","10","6","Eteone longa","Eteone longa","1","0.4","0"
"695","XI","1959",1959-12-01,-66.03099,45.25134,"C","9","6","Eteone longa","Eteone longa","1","0","0"
"696","VIII","1959",1959-11-30,-66.06133,45.23699,"C",NA,"6","Eteone longa","Eteone longa","4","1.1","0"
"697","VI","1961",1961-10-26,-66.03123,45.21391,"B","16","6","Eteone longa","Eteone longa","1","0.8","0"
"698","VIII","1959",1959-11-30,-66.06133,45.23699,"A",NA,"6","Eteone longa","Eteone longa","0","0","0"
"699","VII","1959",1959-12-02,-66.05597,45.24868,"B",NA,"6","Eteone longa","Eteone longa","2","0","0"
"700","K.M.","1961",1961-10-24,-66.13152,45.31109,"C","25","6","Eteone longa","Eteone longa","3","0.5","0"
"701","IX","1959",1959-12-02,-66.0423,45.26454,"A","3","6","Eteone longa","Eteone longa","2","0","0"
"702","III","1961",1961-10-26,-66.05489,45.25793,"A","16","60","Mytilus edulis","Mytilus edulis","0","0","2"
"703","III","1961",1961-10-26,-66.05489,45.25793,"C","16","60","Mytilus edulis","Mytilus edulis","0","0","10"
"704","287.7","1959",1959-12-03,-66.09453,45.26712,"A","49","60","Mytilus edulis","Mytilus edulis","2","377.8","0"
"705","287.7","1961",1961-10-24,-66.09453,45.26712,"A","37","60","Mytilus edulis","Mytilus edulis","3","2.9","0"
"706","III","1961",1961-10-26,-66.05489,45.25793,"B","16","60","Mytilus edulis","Mytilus edulis","0","0","4"
"707","IX","1961",1961-10-26,-66.0423,45.26454,"B","14","60","Mytilus edulis","Mytilus edulis","1","0.6","0"
"708","II","1959",1959-11-30,-66.05948,45.26274,"A","23","60","Mytilus edulis","Mytilus edulis","22","527.9","0"
"709","287.7","1959",1959-12-03,-66.09453,45.26712,"C","49","60","Mytilus edulis","Mytilus edulis","1","0","0"
"710","XI","1961",1961-10-26,-66.03099,45.25134,"C","6","60","Mytilus edulis","Mytilus edulis","0","0","17"
"711","VII","1961",1961-10-26,-66.05597,45.24868,"C","12","60","Mytilus edulis","Mytilus edulis","0","0","2"
"712","VII","1961",1961-10-26,-66.05597,45.24868,"B","12","60","Mytilus edulis","Mytilus edulis","1","0.2","25"
"713","I","1959",1959-12-01,-66.06963,45.26968,"A","21","60","Mytilus edulis","Mytilus edulis","104","9524.5","0"
"714","III","1959",1959-12-02,-66.05489,45.25793,"B","28","60","Mytilus edulis","Mytilus edulis","4","57.0","0"
"715","II","1959",1959-11-30,-66.05948,45.26274,"C","23","60","Mytilus edulis","Mytilus edulis","3","82.2","0"
"716","VII","1961",1961-10-26,-66.05597,45.24868,"A","12","60","Mytilus edulis","Mytilus edulis","1","0.4","0"
"717","I","1961",1961-10-24,-66.06963,45.26968,"B","49","60","Mytilus edulis","Mytilus edulis","1","0.9","21"
"718","II","1961",1961-10-25,-66.05948,45.26274,"A","26","60","Mytilus edulis","Mytilus edulis","0","0","3040"
"719","284.8","1961",1961-10-24,-66.12635,45.28522,"C","24","60","Mytilus edulis","Mytilus edulis","0","0","4"
"720","I","1959",1959-12-01,-66.06963,45.26968,"C","54","60","Mytilus edulis","Mytilus edulis","6","217.1","0"
"721","II","1961",1961-10-25,-66.05948,45.26274,"B",NA,"60","Mytilus edulis","Mytilus edulis","0","0","1"
"722","284.8","1961",1961-10-24,-66.12635,45.28522,"A","50","60","Mytilus edulis","Mytilus edulis","0","0","1"
"723","II","1961",1961-10-25,-66.05948,45.26274,"C","22","60","Mytilus edulis","Mytilus edulis","1146","5236.6","0"
"724","I","1961",1961-10-24,-66.06963,45.26968,"C","45","60","Mytilus edulis","Mytilus edulis","1","17.9","5"
"725","I","1959",1959-12-01,-66.06963,45.26968,"B","44","60","Mytilus edulis","Mytilus edulis","4","1.8","0"
"726","I","1961",1961-10-24,-66.06963,45.26968,"A","43","60","Mytilus edulis","Mytilus edulis","4","4.1","7"
"727","III","1961",1961-10-26,-66.05489,45.25793,"A","16","61","Mya aernaria","Mya arenaria","3","4.3","0"
"728","287.7","1961",1961-10-24,-66.09453,45.26712,"C","37","61","Mya aernaria","Mya arenaria","2","1.3","0"
"729","280.3","1959",1959-12-03,-66.18705,45.3332,"A","20","61","Mya aernaria","Mya arenaria","9","1373.5","0"
"730","II","1961",1961-10-25,-66.05948,45.26274,"A","26","61","Mya aernaria","Mya arenaria","0","0","110"
"731","287.7","1961",1961-10-24,-66.09453,45.26712,"B","37","61","Mya aernaria","Mya arenaria","13","1.8","0"
"732","IX","1961",1961-10-26,-66.0423,45.26454,"B","14","61","Mya aernaria","Mya arenaria","3","0","0"
"733","VII","1959",1959-12-02,-66.05597,45.24868,"B",NA,"61","Mya aernaria","Mya arenaria","2","2.2","0"
"734","III","1961",1961-10-26,-66.05489,45.25793,"B","16","61","Mya aernaria","Mya arenaria","1","20.9","0"
"735","VII","1961",1961-10-26,-66.05597,45.24868,"A","12","61","Mya aernaria","Mya arenaria","56","2.9","1"
"736","K.M.","1961",1961-10-24,-66.13152,45.31109,"C","25","61","Mya aernaria","Mya arenaria","15","229.9","11"
"737","IX","1959",1959-12-02,-66.0423,45.26454,"A","3","61","Mya aernaria","Mya arenaria","44","407.1","0"
"738","IX","1961",1961-10-26,-66.0423,45.26454,"C","14","61","Mya aernaria","Mya arenaria","0","0","1"
"739","II","1961",1961-10-25,-66.05948,45.26274,"C","22","61","Mya aernaria","Mya arenaria","1","24.9","4"
"740","280.3","1961",1961-10-24,-66.18705,45.3332,"A","21","61","Mya aernaria","Mya arenaria","88","1871.8","12"
"741","K.M.","1959",1959-12-04,-66.13152,45.31109,"C","38","61","Mya aernaria","Mya arenaria","33","97.4","0"
"742","280.3","1961",1961-10-24,-66.18705,45.3332,"B","21","61","Mya aernaria","Mya arenaria","102","1810.7","50"
"743","284.8","1959",1959-11-30,-66.12635,45.28522,"C","22","61","Mya aernaria","Mya arenaria","75","6406.6","0"
"744","284.8","1959",1959-11-30,-66.12635,45.28522,"A","22","61","Mya aernaria","Mya arenaria","94","8708.5","0"
"745","I","1961",1961-10-24,-66.06963,45.26968,"A","43","61","Mya aernaria","Mya arenaria","7","0.7","0"
"746","IX","1959",1959-12-02,-66.0423,45.26454,"B","3","61","Mya aernaria","Mya arenaria","585","170.2","0"
"747","VII","1961",1961-10-26,-66.05597,45.24868,"B","12","61","Mya aernaria","Mya arenaria","33","1.9","4"
"748","280.3","1959",1959-12-03,-66.18705,45.3332,"C","21","61","Mya aernaria","Mya arenaria","236","5915.2","0"
"749","III","1959",1959-12-02,-66.05489,45.25793,"B","28","61","Mya aernaria","Mya arenaria","1","0","0"
"750","287.7","1961",1961-10-24,-66.09453,45.26712,"A","37","61","Mya aernaria","Mya arenaria","2","0.3","0"
"751","280.3","1961",1961-10-24,-66.18705,45.3332,"C","21","61","Mya aernaria","Mya arenaria","156","1839.0","22"
"752","284.8","1961",1961-10-24,-66.12635,45.28522,"B","40","61","Mya aernaria","Mya arenaria","11","424.5","267"
"753","287.7","1959",1959-12-03,-66.09453,45.26712,"C","49","61","Mya aernaria","Mya arenaria","2","0","0"
"754","K.M.","1959",1959-12-04,-66.13152,45.31109,"A","38","61","Mya aernaria","Mya arenaria","21","100.3","0"
"755","284.8","1961",1961-10-24,-66.12635,45.28522,"C","24","61","Mya aernaria","Mya arenaria","91","1776.7","100"
"756","X","1961",1961-10-26,-66.04366,45.25478,"B","8","61","Mya aernaria","Mya arenaria","1","0.1","0"
"757","VI","1961",1961-10-26,-66.03123,45.21391,"A","16","61","Mya aernaria","Mya arenaria","1","0.1","3"
"758","V","1961",1961-10-26,-66.03305,45.22846,"C","11","61","Mya aernaria","Mya arenaria","0","0","1"
"759","VII","1959",1959-12-02,-66.05597,45.24868,"C",NA,"61","Mya aernaria","Mya arenaria","3","0","0"
"760","280.3","1959",1959-12-03,-66.18705,45.3332,"B","21","61","Mya aernaria","Mya arenaria","52","1973.2","0"
"761","IX","1961",1961-10-26,-66.0423,45.26454,"A","14","61","Mya aernaria","Mya arenaria","346","15.2","11"
"762","VII","1961",1961-10-26,-66.05597,45.24868,"C","12","61","Mya aernaria","Mya arenaria","37","2.1","6"
"763","XI","1959",1959-12-01,-66.03099,45.25134,"C","9","61","Mya aernaria","Mya arenaria","1","0.1","0"
"764","284.8","1961",1961-10-24,-66.12635,45.28522,"A","50","61","Mya aernaria","Mya arenaria","69","974.2","34"
"765","I","1959",1959-12-01,-66.06963,45.26968,"A","21","61","Mya aernaria","Mya arenaria","8","68.6","0"
"766","VIII","1959",1959-11-30,-66.06133,45.23699,"B",NA,"61","Mya aernaria","Mya arenaria","1","1.0","0"
"767","V","1961",1961-10-26,-66.03305,45.22846,"B","11","61","Mya aernaria","Mya arenaria","0","0","1"
"768","IX","1959",1959-12-02,-66.0423,45.26454,"C","3","61","Mya aernaria","Mya arenaria","390","550.7","0"
"769","V","1961",1961-10-26,-66.03305,45.22846,"A","11","62","Macoma balthica","Macoma balthica","0","0","2"
"770","284.8","1959",1959-11-30,-66.12635,45.28522,"A","22","62","Macoma balthica","Macoma balthica","67","1100.5","0"
"771","IX","1961",1961-10-26,-66.0423,45.26454,"A","14","62","Macoma balthica","Macoma balthica","10","24.3","4"
"772","280.3","1961",1961-10-24,-66.18705,45.3332,"B","21","62","Macoma balthica","Macoma balthica","19","624.0","2"
"773","280.3","1961",1961-10-24,-66.18705,45.3332,"A","21","62","Macoma balthica","Macoma balthica","26","466.2","0"
"774","IX","1959",1959-12-02,-66.0423,45.26454,"A","3","62","Macoma balthica","Macoma balthica","2","16.0","0"
"775","284.8","1961",1961-10-24,-66.12635,45.28522,"B","40","62","Macoma balthica","Macoma balthica","8","150.5","12"
"776","280.3","1959",1959-12-03,-66.18705,45.3332,"B","21","62","Macoma balthica","Macoma balthica","15","626.9","0"
"777","284.8","1961",1961-10-24,-66.12635,45.28522,"A","50","62","Macoma balthica","Macoma balthica","25","210.8","2"
"778","284.8","1961",1961-10-24,-66.12635,45.28522,"C","24","62","Macoma balthica","Macoma balthica","13","226.7","18"
"779","K.M.","1961",1961-10-24,-66.13152,45.31109,"C","25","62","Macoma balthica","Macoma balthica","1","0.4","0"
"780","280.3","1959",1959-12-03,-66.18705,45.3332,"C","21","62","Macoma balthica","Macoma balthica","21","612.4","0"
"781","287.7","1959",1959-12-03,-66.09453,45.26712,"C","49","62","Macoma balthica","Macoma balthica","1","2.1","0"
"782","280.3","1961",1961-10-24,-66.18705,45.3332,"C","21","62","Macoma balthica","Macoma balthica","13","646.4","0"
"783","IX","1959",1959-12-02,-66.0423,45.26454,"B","3","62","Macoma balthica","Macoma balthica","8","1.0","0"
"784","284.8","1959",1959-11-30,-66.12635,45.28522,"C","22","62","Macoma balthica","Macoma balthica","80","2143.8","0"
"785","V","1959",1959-11-30,-66.03305,45.22846,"B",NA,"63","Nucula proxima","Nucula proxima","2","1.3","0"
"786","VI","1961",1961-10-26,-66.03123,45.21391,"B","16","63","Nucula proxima","Nucula proxima","67","40.7","0"
"787","V","1961",1961-10-26,-66.03305,45.22846,"B","11","63","Nucula proxima","Nucula proxima","13","10.9","0"
"788","VI","1961",1961-10-26,-66.03123,45.21391,"C","16","63","Nucula proxima","Nucula proxima","50","34.9","0"
"789","V","1961",1961-10-26,-66.03305,45.22846,"C","11","63","Nucula proxima","Nucula proxima","17","21.8","0"
"790","VIII","1959",1959-11-30,-66.06133,45.23699,"B",NA,"63","Nucula proxima","Nucula proxima","6","7.1","0"
"791","IV","1959",1959-12-01,-66.0436,45.24274,"A","18","63","Nucula proxima","Nucula proxima","1","1.1","0"
"792","VIII","1961",1961-10-26,-66.06133,45.23699,"B","10","63","Nucula proxima","Nucula proxima","7","14.4","0"
"793","VI","1961",1961-10-26,-66.03123,45.21391,"A","16","63","Nucula proxima","Nucula proxima","27","0.9","0"
"794","X","1961",1961-10-26,-66.04366,45.25478,"B","8","63","Nucula proxima","Nucula proxima","1","0.1","0"
"795","VI","1959",1959-11-30,-66.03123,45.21391,"B",NA,"63","Nucula proxima","Nucula proxima","84","70.8","0"
"796","VI","1959",1959-11-30,-66.03123,45.21391,"A",NA,"63","Nucula proxima","Nucula proxima","31","31.8","0"
"797","VII","1961",1961-10-26,-66.05597,45.24868,"A","12","63","Nucula proxima","Nucula proxima","1","0.8","0"
"798","V","1959",1959-11-30,-66.03305,45.22846,"A",NA,"63","Nucula proxima","Nucula proxima","23","15.2","0"
"799","IX","1959",1959-12-02,-66.0423,45.26454,"C","3","63","Nucula proxima","Nucula proxima","1","0.2","0"
"800","VII","1959",1959-12-02,-66.05597,45.24868,"B",NA,"63","Nucula proxima","Nucula proxima","5","3.8","0"
"801","VI","1959",1959-11-30,-66.03123,45.21391,"C",NA,"63","Nucula proxima","Nucula proxima","30","37.3","0"
"802","V","1961",1961-10-26,-66.03305,45.22846,"A","11","63","Nucula proxima","Nucula proxima","1","3.1","0"
"803","VIII","1961",1961-10-26,-66.06133,45.23699,"C","10","63","Nucula proxima","Nucula proxima","7","13.0","0"
"804","VIII","1959",1959-11-30,-66.06133,45.23699,"A",NA,"63","Nucula proxima","Nucula proxima","22","16.2","0"
"805","V","1959",1959-11-30,-66.03305,45.22846,"C",NA,"63","Nucula proxima","Nucula proxima","15","38.0","0"
"806","IX","1959",1959-12-02,-66.0423,45.26454,"A","3","63","Nucula proxima","Nucula proxima","1","0.2","0"
"807","VIII","1959",1959-11-30,-66.06133,45.23699,"C",NA,"63","Nucula proxima","Nucula proxima","12","8.9","0"
"808","VII","1959",1959-12-02,-66.05597,45.24868,"C",NA,"63","Nucula proxima","Nucula proxima","1","0.2","0"
"809","VI","1961",1961-10-26,-66.03123,45.21391,"B","16","64","Astarte sp.",NA,"2","0","0"
"810","VI","1959",1959-11-30,-66.03123,45.21391,"A",NA,"64","Astarte sp.",NA,"2","107.1","0"
"811","VI","1961",1961-10-26,-66.03123,45.21391,"C","16","64","Astarte sp.",NA,"1","0","0"
"812","VI","1961",1961-10-26,-66.03123,45.21391,"B","16","65","Unidentied spp.","Ascidiacea","1","1.8","0"
"813","VI","1961",1961-10-26,-66.03123,45.21391,"A","16","65","Unidentied spp.","Ascidiacea","1","178.3","0"
"814","V","1959",1959-11-30,-66.03305,45.22846,"C",NA,"65","Unidentied spp.","Ascidiacea","1","28.3","0"
"815","VIII","1961",1961-10-26,-66.06133,45.23699,"B","10","65","Unidentied spp.","Ascidiacea","7","966.8","0"
"816","287.7","1961",1961-10-24,-66.09453,45.26712,"C","37","65","Unidentied spp.","Ascidiacea","3","7.1","0"
"817","VIII","1961",1961-10-26,-66.06133,45.23699,"C","10","65","Unidentied spp.","Ascidiacea","1","91.2","0"
"818","X","1961",1961-10-26,-66.04366,45.25478,"B","8","7","Nereis diversicolor","Hediste diversicolor","1","3.8","0"
"819","III","1959",1959-12-02,-66.05489,45.25793,"C","28","7","Nereis diversicolor","Hediste diversicolor","1","4.8","0"
"820","I","1959",1959-12-01,-66.06963,45.26968,"A","21","7","Nereis diversicolor","Hediste diversicolor","2","1.0","0"
"821","284.8","1961",1961-10-24,-66.12635,45.28522,"B","40","7","Nereis diversicolor","Hediste diversicolor","16","90.9","0"
"822","II","1959",1959-11-30,-66.05948,45.26274,"B","23","7","Nereis diversicolor","Hediste diversicolor","1","16.0","0"
"823","IV","1959",1959-12-01,-66.0436,45.24274,"B","16","7","Nereis diversicolor","Hediste diversicolor","1","6.1","0"
"824","IX","1959",1959-12-02,-66.0423,45.26454,"A","3","7","Nereis diversicolor","Hediste diversicolor","20","23.9","0"
"825","III","1961",1961-10-26,-66.05489,45.25793,"B","16","7","Nereis diversicolor","Hediste diversicolor","18","118.4","0"
"826","II","1961",1961-10-25,-66.05948,45.26274,"A","26","7","Nereis diversicolor","Hediste diversicolor","3","63.0","0"
"827","III","1961",1961-10-26,-66.05489,45.25793,"C","16","7","Nereis diversicolor","Hediste diversicolor","30","95.2","0"
"828","284.8","1959",1959-11-30,-66.12635,45.28522,"C","22","7","Nereis diversicolor","Hediste diversicolor","2","0","0"
"829","IX","1959",1959-12-02,-66.0423,45.26454,"C","3","7","Nereis diversicolor","Hediste diversicolor","10","11.8","0"
"830","IX","1959",1959-12-02,-66.0423,45.26454,"B","3","7","Nereis diversicolor","Hediste diversicolor","6","31.4","0"
"831","IX","1961",1961-10-26,-66.0423,45.26454,"B","14","7","Nereis diversicolor","Hediste diversicolor","18","84.6","0"
"832","K.M.","1959",1959-12-04,-66.13152,45.31109,"C","38","7","Nereis diversicolor","Hediste diversicolor","1","221.6","0"
"833","284.8","1959",1959-11-30,-66.12635,45.28522,"A","22","7","Nereis diversicolor","Hediste diversicolor","2","0","0"
"834","VII","1959",1959-12-02,-66.05597,45.24868,"C",NA,"7","Nereis diversicolor","Hediste diversicolor","2","51.7","0"
"835","284.8","1961",1961-10-24,-66.12635,45.28522,"C","24","7","Nereis diversicolor","Hediste diversicolor","29","50.0","0"
"836","III","1961",1961-10-26,-66.05489,45.25793,"A","16","7","Nereis diversicolor","Hediste diversicolor","13","98.3","0"
"837","280.3","1959",1959-12-03,-66.18705,45.3332,"B","21","8","Nereis succinea","Alitta succinea","12","78.4","0"
"838","284.8","1959",1959-11-30,-66.12635,45.28522,"A","22","8","Nereis succinea","Alitta succinea","7","125.7","0"
"839","280.3","1959",1959-12-03,-66.18705,45.3332,"C","21","8","Nereis succinea","Alitta succinea","32","157.7","0"
"840","II","1959",1959-11-30,-66.05948,45.26274,"B","23","8","Nereis succinea","Alitta succinea","1","0","0"
"841","280.3","1961",1961-10-24,-66.18705,45.3332,"C","21","8","Nereis succinea","Alitta succinea","17","67.3","0"
"842","280.3","1961",1961-10-24,-66.18705,45.3332,"B","21","8","Nereis succinea","Alitta succinea","25","100.8","0"
"843","287.7","1961",1961-10-24,-66.09453,45.26712,"C","37","8","Nereis succinea","Alitta succinea","7","18.9","0"
"844","284.8","1959",1959-11-30,-66.12635,45.28522,"B","22","8","Nereis succinea","Alitta succinea","14","121.0","0"
"845","287.7","1959",1959-12-03,-66.09453,45.26712,"C","49","8","Nereis succinea","Alitta succinea","12","149.7","0"
"846","280.3","1961",1961-10-24,-66.18705,45.3332,"A","21","8","Nereis succinea","Alitta succinea","19","103.8","0"
"847","X","1961",1961-10-26,-66.04366,45.25478,"A","8","8","Nereis succinea","Alitta succinea","3","13.2","0"
"848","II","1961",1961-10-25,-66.05948,45.26274,"C","22","8","Nereis succinea","Alitta succinea","1","1.8","0"
"849","284.8","1961",1961-10-24,-66.12635,45.28522,"A","50","8","Nereis succinea","Alitta succinea","8","33.3","0"
"850","280.3","1959",1959-12-03,-66.18705,45.3332,"A","20","8","Nereis succinea","Alitta succinea","21","81.6","0"
"851","II","1961",1961-10-25,-66.05948,45.26274,"B",NA,"8","Nereis succinea","Alitta succinea","1","1.5","0"
"852","284.8","1959",1959-11-30,-66.12635,45.28522,"C","22","8","Nereis succinea","Alitta succinea","3","31.2","0"
"853","VI","1959",1959-11-30,-66.03123,45.21391,"C",NA,"9","Nephtys bucera","Nephtys bucera","11","17.4","0"
"854","VIII","1959",1959-11-30,-66.06133,45.23699,"C",NA,"9","Nephtys bucera","Nephtys bucera","11","28.3","0"
"855","VIII","1959",1959-11-30,-66.06133,45.23699,"A",NA,"9","Nephtys bucera","Nephtys bucera","4","4.3","0"
"856","V","1961",1961-10-26,-66.03305,45.22846,"B","11","9","Nephtys bucera","Nephtys bucera","10","49.9","0"
"857","K.M.","1959",1959-12-04,-66.13152,45.31109,"B","39","9","Nephtys bucera","Nephtys bucera","1","27.0","0"
"858","280.3","1959",1959-12-03,-66.18705,45.3332,"A","20","9","Nephtys bucera","Nephtys bucera","66","7.1","0"
"859","IV","1959",1959-12-01,-66.0436,45.24274,"B","16","9","Nephtys bucera","Nephtys bucera","1","0.1","0"
"860","VI","1959",1959-11-30,-66.03123,45.21391,"A",NA,"9","Nephtys bucera","Nephtys bucera","7","4.6","0"
"861","IV","1959",1959-12-01,-66.0436,45.24274,"A","18","9","Nephtys bucera","Nephtys bucera","1","0.8","0"
"862","II","1959",1959-11-30,-66.05948,45.26274,"C","23","9","Nephtys bucera","Nephtys bucera","1","2.7","0"
"863","XI","1959",1959-12-01,-66.03099,45.25134,"A","9","9","Nephtys bucera","Nephtys bucera","1","4.3","0"
"864","IX","1959",1959-12-02,-66.0423,45.26454,"C","3","9","Nephtys bucera","Nephtys bucera","2","0.6","0"
"865","K.M.","1959",1959-12-04,-66.13152,45.31109,"C","38","9","Nephtys bucera","Nephtys bucera","3","0.6","0"
"866","280.3","1959",1959-12-03,-66.18705,45.3332,"B","21","9","Nephtys bucera","Nephtys bucera","81","19.9","0"
"867","V","1961",1961-10-26,-66.03305,45.22846,"C","11","9","Nephtys bucera","Nephtys bucera","14","275.9","0"
"868","IX","1959",1959-12-02,-66.0423,45.26454,"B","3","9","Nephtys bucera","Nephtys bucera","11","11.2","0"
"869","284.8","1959",1959-11-30,-66.12635,45.28522,"C","22","9","Nephtys bucera","Nephtys bucera","1","3.1","0"
"870","IV","1961",1961-10-26,-66.0436,45.24274,"B","12","9","Nephtys bucera","Nephtys bucera","7","17.9","0"
"871","X","1959",1959-12-01,-66.04366,45.25478,"B","7","9","Nephtys bucera","Nephtys bucera","2","5.7","0"
"872","V","1961",1961-10-26,-66.03305,45.22846,"A","11","9","Nephtys bucera","Nephtys bucera","7","28.1","0"
"873","280.3","1959",1959-12-03,-66.18705,45.3332,"C","21","9","Nephtys bucera","Nephtys bucera","10","0","0"
"874","VI","1961",1961-10-26,-66.03123,45.21391,"A","16","9","Nephtys bucera","Nephtys bucera","3","9.6","0"
"875","V","1959",1959-11-30,-66.03305,45.22846,"C",NA,"9","Nephtys bucera","Nephtys bucera","15","65.9","0"
"876","VII","1959",1959-12-02,-66.05597,45.24868,"C",NA,"9","Nephtys bucera","Nephtys bucera","15","2.8","0"
"877","IX","1959",1959-12-02,-66.0423,45.26454,"A","3","9","Nephtys bucera","Nephtys bucera","4","1.4","0"
"878","III","1961",1961-10-26,-66.05489,45.25793,"A","16","9","Nephtys bucera","Nephtys bucera","4","7.8","0"
"879","X","1959",1959-12-01,-66.04366,45.25478,"C","7","9","Nephtys bucera","Nephtys bucera","5","5.9","0"
"880","X","1961",1961-10-26,-66.04366,45.25478,"B","8","9","Nephtys bucera","Nephtys bucera","1","0","0"
"881","II","1959",1959-11-30,-66.05948,45.26274,"B","23","9","Nephtys bucera","Nephtys bucera","2","5.6","0"
"882","VI","1959",1959-11-30,-66.03123,45.21391,"B",NA,"9","Nephtys bucera","Nephtys bucera","28","32.2","0"
"883","III","1959",1959-12-02,-66.05489,45.25793,"B","28","9","Nephtys bucera","Nephtys bucera","1","0","0"
"884","V","1959",1959-11-30,-66.03305,45.22846,"A",NA,"9","Nephtys bucera","Nephtys bucera","17","85.0","0"
"885","VIII","1959",1959-11-30,-66.06133,45.23699,"B",NA,"9","Nephtys bucera","Nephtys bucera","15","99.5","0"
"886","VII","1959",1959-12-02,-66.05597,45.24868,"A",NA,"9","Nephtys bucera","Nephtys bucera","20","94.8","0"
